2026-06-10T10:28:11.891879,ORY,NAT,2026-09-18,1006,,
2026-06-10T10:28:11.891920,ORY,NAT,2026-09-18,1151,,
2026-06-10T10:28:11.891925,ORY,NAT,2026-09-18,1238,,
2026-06-10T10:28:11.891928,ORY,NAT,2026-09-18,1255,,
2026-06-10T10:28:11.891931,ORY,NAT,2026-09-18,1259,,
2026-06-10T10:28:11.891934,ORY,NAT,2026-09-18,1259,,
2026-06-10T10:28:11.891936,ORY,NAT,2026-09-18,1291,,
2026-06-10T10:28:11.891938,ORY,NAT,2026-09-18,1382,,
2026-06-10T10:28:11.891941,ORY,NAT,2026-09-18,1536,,
2026-06-10T10:42:19.242835,ORY,NAT,2026-09-18,1006,,
2026-06-10T10:42:19.242855,ORY,NAT,2026-09-18,1151,,
2026-06-10T10:42:19.242859,ORY,NAT,2026-09-18,1238,,
2026-06-10T10:42:19.242862,ORY,NAT,2026-09-18,1255,,
2026-06-10T10:42:19.242864,ORY,NAT,2026-09-18,1259,,
2026-06-10T10:42:19.242867,ORY,NAT,2026-09-18,1259,,
2026-06-10T10:42:19.242869,ORY,NAT,2026-09-18,1291,,
2026-06-10T10:42:19.242871,ORY,NAT,2026-09-18,1382,,
2026-06-10T10:42:19.242874,ORY,NAT,2026-09-18,1536,,
2026-06-10T15:53:46.915485,ORY,NAT,2026-09-18,1005,,
2026-06-10T15:53:46.915510,ORY,NAT,2026-09-18,1151,,
2026-06-10T15:53:46.915514,ORY,NAT,2026-09-18,1237,,
2026-06-10T15:53:46.915517,ORY,NAT,2026-09-18,1255,,
2026-06-10T15:53:46.915520,ORY,NAT,2026-09-18,1258,,
2026-06-10T15:53:46.915522,ORY,NAT,2026-09-18,1258,,
2026-06-10T15:53:46.915524,ORY,NAT,2026-09-18,1290,,
2026-06-10T15:53:46.915527,ORY,NAT,2026-09-18,1535,,
2026-06-10T20:39:59.630077,ORY,NAT,2026-09-18,1004,,
2026-06-10T20:39:59.630097,ORY,NAT,2026-09-18,1145,,
2026-06-10T20:39:59.630101,ORY,NAT,2026-09-18,1235,,
2026-06-10T20:39:59.630104,ORY,NAT,2026-09-18,1253,,
2026-06-10T20:39:59.630107,ORY,NAT,2026-09-18,1257,,
2026-06-10T20:39:59.630109,ORY,NAT,2026-09-18,1257,,
2026-06-10T20:39:59.630111,ORY,NAT,2026-09-18,1288,,
2026-06-10T20:39:59.630113,ORY,NAT,2026-09-18,1657,,
2026-06-11T16:14:31.853207,ORY,NAT,2026-09-18,1002,,
2026-06-11T16:14:31.853232,ORY,NAT,2026-09-18,1143,,
2026-06-11T16:14:31.853236,ORY,NAT,2026-09-18,1233,,
2026-06-11T16:14:31.853239,ORY,NAT,2026-09-18,1251,,
2026-06-11T16:14:31.853241,ORY,NAT,2026-09-18,1255,,
2026-06-11T16:14:31.853244,ORY,NAT,2026-09-18,1255,,
2026-06-11T16:14:31.853246,ORY,NAT,2026-09-18,1286,,
2026-06-11T16:14:31.853248,ORY,NAT,2026-09-18,1654,,
2026-06-12T04:45:34.552678,ORY,NAT,2026-09-18,1007,,
2026-06-12T04:45:34.552698,ORY,NAT,2026-09-18,1148,,
2026-06-12T04:45:34.552701,ORY,NAT,2026-09-18,1239,,
2026-06-12T04:45:34.552704,ORY,NAT,2026-09-18,1257,,
2026-06-12T04:45:34.552706,ORY,NAT,2026-09-18,1260,,
2026-06-12T04:45:34.552707,ORY,NAT,2026-09-18,1260,,
2026-06-12T04:45:34.552709,ORY,NAT,2026-09-18,1292,,
2026-06-12T04:45:34.552711,ORY,NAT,2026-09-18,1662,,
2026-06-12T10:24:37.259200,ORY,NAT,2026-09-18,1008,,
2026-06-12T10:24:37.259219,ORY,NAT,2026-09-18,1149,,
2026-06-12T10:24:37.259223,ORY,NAT,2026-09-18,1240,,
2026-06-12T10:24:37.259226,ORY,NAT,2026-09-18,1258,,
2026-06-12T10:24:37.259229,ORY,NAT,2026-09-18,1262,,
2026-06-12T10:24:37.259232,ORY,NAT,2026-09-18,1262,,
2026-06-12T10:24:37.259234,ORY,NAT,2026-09-18,1293,,
2026-06-12T10:24:37.259236,ORY,NAT,2026-09-18,1663,,
2026-06-13T04:24:05.579616,ORY,NAT,2026-09-18,1007,,
2026-06-13T04:24:05.579635,ORY,NAT,2026-09-18,1148,,
2026-06-13T04:24:05.579639,ORY,NAT,2026-09-18,1239,,
2026-06-13T04:24:05.579642,ORY,NAT,2026-09-18,1257,,
2026-06-13T04:24:05.579645,ORY,NAT,2026-09-18,1261,,
2026-06-13T04:24:05.579647,ORY,NAT,2026-09-18,1261,,
2026-06-13T04:24:05.579650,ORY,NAT,2026-09-18,1292,,
2026-06-13T04:24:05.579652,ORY,NAT,2026-09-18,1662,,
2026-06-13T09:26:23.139956,ORY,NAT,2026-09-18,1007,,
2026-06-13T09:26:23.139976,ORY,NAT,2026-09-18,1148,,
2026-06-13T09:26:23.139980,ORY,NAT,2026-09-18,1239,,
2026-06-13T09:26:23.139983,ORY,NAT,2026-09-18,1257,,
2026-06-13T09:26:23.139985,ORY,NAT,2026-09-18,1260,,
2026-06-13T09:26:23.139988,ORY,NAT,2026-09-18,1260,,
2026-06-13T09:26:23.139990,ORY,NAT,2026-09-18,1292,,
2026-06-13T09:26:23.139992,ORY,NAT,2026-09-18,1662,,
2026-06-13T14:14:57.456888,ORY,NAT,2026-09-18,1007,,
2026-06-13T14:14:57.456909,ORY,NAT,2026-09-18,1148,,
2026-06-13T14:14:57.456913,ORY,NAT,2026-09-18,1239,,
2026-06-13T14:14:57.456916,ORY,NAT,2026-09-18,1257,,
2026-06-13T14:14:57.456918,ORY,NAT,2026-09-18,1260,,
2026-06-13T14:14:57.456921,ORY,NAT,2026-09-18,1260,,
2026-06-13T14:14:57.456923,ORY,NAT,2026-09-18,1292,,
2026-06-13T14:14:57.456926,ORY,NAT,2026-09-18,1662,,
2026-06-13T19:45:31.484304,ORY,NAT,2026-09-18,1007,,
2026-06-13T19:45:31.484324,ORY,NAT,2026-09-18,1148,,
2026-06-13T19:45:31.484328,ORY,NAT,2026-09-18,1239,,
2026-06-13T19:45:31.484331,ORY,NAT,2026-09-18,1257,,
2026-06-13T19:45:31.484334,ORY,NAT,2026-09-18,1260,,
2026-06-13T19:45:31.484336,ORY,NAT,2026-09-18,1260,,
2026-06-13T19:45:31.484338,ORY,NAT,2026-09-18,1292,,
2026-06-13T19:45:31.484341,ORY,NAT,2026-09-18,1662,,
2026-06-14T04:51:27.598256,ORY,NAT,2026-09-18,1007,,
2026-06-14T04:51:27.598280,ORY,NAT,2026-09-18,1239,,
2026-06-14T04:51:27.598285,ORY,NAT,2026-09-18,1257,,
2026-06-14T04:51:27.598288,ORY,NAT,2026-09-18,1260,,
2026-06-14T04:51:27.598291,ORY,NAT,2026-09-18,1260,,
2026-06-14T04:51:27.598293,ORY,NAT,2026-09-18,1292,,
2026-06-14T04:51:27.598296,ORY,NAT,2026-09-18,1388,,
2026-06-14T04:51:27.598298,ORY,NAT,2026-09-18,1662,,
2026-06-14T19:46:21.273903,ORY,NAT,2026-09-18,1007,,
2026-06-14T19:46:21.273924,ORY,NAT,2026-09-18,1239,,
2026-06-14T19:46:21.273929,ORY,NAT,2026-09-18,1257,,
2026-06-14T19:46:21.273932,ORY,NAT,2026-09-18,1261,,
2026-06-14T19:46:21.273934,ORY,NAT,2026-09-18,1261,,
2026-06-14T19:46:21.273937,ORY,NAT,2026-09-18,1292,,
2026-06-14T19:46:21.273939,ORY,NAT,2026-09-18,1389,,
2026-06-14T19:46:21.273941,ORY,NAT,2026-09-18,1662,,
2026-06-15T05:07:59.171473,ORY,NAT,2026-09-18,1010,,
2026-06-15T05:07:59.171494,ORY,NAT,2026-09-18,1243,,
2026-06-15T05:07:59.171498,ORY,NAT,2026-09-18,1260,,
2026-06-15T05:07:59.171501,ORY,NAT,2026-09-18,1264,,
2026-06-15T05:07:59.171504,ORY,NAT,2026-09-18,1264,,
2026-06-15T05:07:59.171506,ORY,NAT,2026-09-18,1296,,
2026-06-15T05:07:59.171509,ORY,NAT,2026-09-18,1393,,
2026-06-15T05:07:59.171511,ORY,NAT,2026-09-18,1667,,
2026-06-15T12:32:05.041873,ORY,NAT,2026-09-18,1010,,
2026-06-15T12:32:05.041898,ORY,NAT,2026-09-18,1243,,
2026-06-15T12:32:05.041903,ORY,NAT,2026-09-18,1261,,
2026-06-15T12:32:05.041906,ORY,NAT,2026-09-18,1264,,
2026-06-15T12:32:05.041908,ORY,NAT,2026-09-18,1264,,
2026-06-15T12:32:05.041911,ORY,NAT,2026-09-18,1296,,
2026-06-15T12:32:05.041913,ORY,NAT,2026-09-18,1393,,
2026-06-15T12:32:05.041916,ORY,NAT,2026-09-18,1667,,
2026-06-15T21:12:46.798100,ORY,NAT,2026-09-18,1008,,
2026-06-15T21:12:46.798117,ORY,NAT,2026-09-18,1154,,
2026-06-15T21:12:46.798121,ORY,NAT,2026-09-18,1241,,
2026-06-15T21:12:46.798124,ORY,NAT,2026-09-18,1259,,
2026-06-15T21:12:46.798126,ORY,NAT,2026-09-18,1262,,
2026-06-15T21:12:46.798129,ORY,NAT,2026-09-18,1262,,
2026-06-15T21:12:46.798131,ORY,NAT,2026-09-18,1294,,
2026-06-15T21:12:46.798133,ORY,NAT,2026-09-18,1664,,
2026-06-16T05:10:35.731946,ORY,NAT,2026-09-18,1008,,
2026-06-16T05:10:35.731967,ORY,NAT,2026-09-18,1113,,
2026-06-16T05:10:35.731972,ORY,NAT,2026-09-18,1240,,
2026-06-16T05:10:35.731975,ORY,NAT,2026-09-18,1258,,
2026-06-16T05:10:35.731977,ORY,NAT,2026-09-18,1262,,
2026-06-16T05:10:35.731980,ORY,NAT,2026-09-18,1262,,
2026-06-16T05:10:35.731982,ORY,NAT,2026-09-18,1497,,
2026-06-16T11:25:16.588291,ORY,NAT,2026-09-18,1010,,
2026-06-16T11:25:16.588311,ORY,NAT,2026-09-18,1116,,
2026-06-16T11:25:16.588314,ORY,NAT,2026-09-18,1243,,
2026-06-16T11:25:16.588316,ORY,NAT,2026-09-18,1261,,
2026-06-16T11:25:16.588318,ORY,NAT,2026-09-18,1264,,
2026-06-16T11:25:16.588319,ORY,NAT,2026-09-18,1264,,
2026-06-16T11:25:16.588321,ORY,NAT,2026-09-18,1500,,
2026-06-18T10:40:21.298775,ORY,NAT,2026-09-18,997,,
2026-06-18T10:40:21.298796,ORY,NAT,2026-09-18,1137,,
2026-06-18T10:40:21.298801,ORY,NAT,2026-09-18,1228,,
2026-06-18T10:40:21.298804,ORY,NAT,2026-09-18,1247,,
2026-06-18T10:40:21.298806,ORY,NAT,2026-09-18,1249,,
2026-06-18T10:40:21.298809,ORY,NAT,2026-09-18,1249,,
2026-06-18T10:40:21.298811,ORY,NAT,2026-09-18,1280,,
2026-06-18T10:40:21.298813,ORY,NAT,2026-09-18,1646,,
2026-06-18T15:40:57.411148,ORY,NAT,2026-09-18,999,,
2026-06-18T15:40:57.411168,ORY,NAT,2026-09-18,1139,,
2026-06-18T15:40:57.411172,ORY,NAT,2026-09-18,1230,,
2026-06-18T15:40:57.411175,ORY,NAT,2026-09-18,1249,,
2026-06-18T15:40:57.411177,ORY,NAT,2026-09-18,1251,,
2026-06-18T15:40:57.411180,ORY,NAT,2026-09-18,1251,,
2026-06-18T15:40:57.411182,ORY,NAT,2026-09-18,1282,,
2026-06-18T15:40:57.411184,ORY,NAT,2026-09-18,1649,,
2026-06-19T10:48:46.088326,ORY,NAT,2026-09-18,997,,
2026-06-19T10:48:46.088348,ORY,NAT,2026-09-18,1137,,
2026-06-19T10:48:46.088353,ORY,NAT,2026-09-18,1219,,
2026-06-19T10:48:46.088355,ORY,NAT,2026-09-18,1221,,
2026-06-19T10:48:46.088358,ORY,NAT,2026-09-18,1227,,
2026-06-19T10:48:46.088360,ORY,NAT,2026-09-18,1280,,
2026-06-19T10:48:46.088363,ORY,NAT,2026-09-18,1289,,
2026-06-19T10:48:46.088365,ORY,NAT,2026-09-18,1646,,
2026-06-19T15:33:57.181561,ORY,NAT,2026-09-18,998,,
2026-06-19T15:33:57.181580,ORY,NAT,2026-09-18,1138,,
2026-06-19T15:33:57.181584,ORY,NAT,2026-09-18,1152,,
2026-06-19T15:33:57.181587,ORY,NAT,2026-09-18,1222,,
2026-06-19T15:33:57.181590,ORY,NAT,2026-09-18,1222,,
2026-06-19T15:33:57.181592,ORY,NAT,2026-09-18,1229,,
2026-06-19T15:33:57.181595,ORY,NAT,2026-09-18,1281,,
2026-06-19T15:33:57.181597,ORY,NAT,2026-09-18,1648,,
2026-06-19T19:56:51.414013,ORY,NAT,2026-09-18,999,,
2026-06-19T19:56:51.414033,ORY,NAT,2026-09-18,1139,,
2026-06-19T19:56:51.414038,ORY,NAT,2026-09-18,1153,,
2026-06-19T19:56:51.414040,ORY,NAT,2026-09-18,1223,,
2026-06-19T19:56:51.414043,ORY,NAT,2026-09-18,1223,,
2026-06-19T19:56:51.414045,ORY,NAT,2026-09-18,1229,,
2026-06-19T19:56:51.414048,ORY,NAT,2026-09-18,1282,,
2026-06-19T19:56:51.414050,ORY,NAT,2026-09-18,1649,,
2026-06-20T04:16:59.537190,ORY,NAT,2026-09-18,999,,
2026-06-20T04:16:59.537212,ORY,NAT,2026-09-18,1139,,
2026-06-20T04:16:59.537217,ORY,NAT,2026-09-18,1153,,
2026-06-20T04:16:59.537220,ORY,NAT,2026-09-18,1223,,
2026-06-20T04:16:59.537222,ORY,NAT,2026-09-18,1223,,
2026-06-20T04:16:59.537225,ORY,NAT,2026-09-18,1229,,
2026-06-20T04:16:59.537227,ORY,NAT,2026-09-18,1282,,
2026-06-20T04:16:59.537230,ORY,NAT,2026-09-18,1648,,
2026-06-20T09:28:55.590015,ORY,NAT,2026-09-18,998,,
2026-06-20T09:28:55.590040,ORY,NAT,2026-09-18,1138,,
2026-06-20T09:28:55.590045,ORY,NAT,2026-09-18,1152,,
2026-06-20T09:28:55.590048,ORY,NAT,2026-09-18,1222,,
2026-06-20T09:28:55.590050,ORY,NAT,2026-09-18,1222,,
2026-06-20T09:28:55.590053,ORY,NAT,2026-09-18,1229,,
2026-06-20T09:28:55.590055,ORY,NAT,2026-09-18,1281,,
2026-06-20T09:28:55.590058,ORY,NAT,2026-09-18,1648,,
2026-06-20T19:46:40.935542,ORY,NAT,2026-09-18,998,,
2026-06-20T19:46:40.935561,ORY,NAT,2026-09-18,1138,,
2026-06-20T19:46:40.935565,ORY,NAT,2026-09-18,1152,,
2026-06-20T19:46:40.935568,ORY,NAT,2026-09-18,1222,,
2026-06-20T19:46:40.935570,ORY,NAT,2026-09-18,1222,,
2026-06-20T19:46:40.935573,ORY,NAT,2026-09-18,1229,,
2026-06-20T19:46:40.935575,ORY,NAT,2026-09-18,1281,,
2026-06-20T19:46:40.935577,ORY,NAT,2026-09-18,1648,,
2026-06-21T05:00:48.041363,ORY,NAT,2026-09-18,998,,
2026-06-21T05:00:48.041385,ORY,NAT,2026-09-18,1138,,
2026-06-21T05:00:48.041390,ORY,NAT,2026-09-18,1152,,
2026-06-21T05:00:48.041393,ORY,NAT,2026-09-18,1222,,
2026-06-21T05:00:48.041396,ORY,NAT,2026-09-18,1222,,
2026-06-21T05:00:48.041398,ORY,NAT,2026-09-18,1229,,
2026-06-21T05:00:48.041400,ORY,NAT,2026-09-18,1281,,
2026-06-21T05:00:48.041403,ORY,NAT,2026-09-18,1648,,
2026-06-21T19:53:01.027424,ORY,NAT,2026-09-18,998,,
2026-06-21T19:53:01.027446,ORY,NAT,2026-09-18,1138,,
2026-06-21T19:53:01.027450,ORY,NAT,2026-09-18,1152,,
2026-06-21T19:53:01.027453,ORY,NAT,2026-09-18,1222,,
2026-06-21T19:53:01.027456,ORY,NAT,2026-09-18,1281,,
2026-06-21T19:53:01.027458,ORY,NAT,2026-09-18,1290,,
2026-06-21T19:53:01.027461,ORY,NAT,2026-09-18,1290,,
2026-06-21T19:53:01.027463,ORY,NAT,2026-09-18,1647,,
2026-06-22T05:08:49.839125,ORY,NAT,2026-09-18,997,,
2026-06-22T05:08:49.839143,ORY,NAT,2026-09-18,1137,,
2026-06-22T05:08:49.839147,ORY,NAT,2026-09-18,1150,,
2026-06-22T05:08:49.839150,ORY,NAT,2026-09-18,1220,,
2026-06-22T05:08:49.839153,ORY,NAT,2026-09-18,1279,,
2026-06-22T05:08:49.839155,ORY,NAT,2026-09-18,1289,,
2026-06-22T05:08:49.839158,ORY,NAT,2026-09-18,1289,,
2026-06-22T05:08:49.839160,ORY,NAT,2026-09-18,1645,,
2026-06-22T20:56:29.472106,ORY,NAT,2026-09-18,994,,
2026-06-22T20:56:29.472126,ORY,NAT,2026-09-18,1134,,
2026-06-22T20:56:29.472131,ORY,NAT,2026-09-18,1148,,
2026-06-22T20:56:29.472133,ORY,NAT,2026-09-18,1217,,
2026-06-22T20:56:29.472136,ORY,NAT,2026-09-18,1276,,
2026-06-22T20:56:29.472138,ORY,NAT,2026-09-18,1286,,
2026-06-22T20:56:29.472141,ORY,NAT,2026-09-18,1286,,
2026-06-22T20:56:29.472143,ORY,NAT,2026-09-18,1641,,
2026-06-23T09:56:00.058604,ORY,NAT,2026-09-18,993,,
2026-06-23T09:56:00.058621,ORY,NAT,2026-09-18,1146,,
2026-06-23T09:56:00.058626,ORY,NAT,2026-09-18,1210,,
2026-06-23T09:56:00.058629,ORY,NAT,2026-09-18,1215,,
2026-06-23T09:56:00.058631,ORY,NAT,2026-09-18,1263,,
2026-06-23T09:56:00.058634,ORY,NAT,2026-09-18,1284,,
2026-06-23T09:56:00.058636,ORY,NAT,2026-09-18,1369,,
2026-06-23T09:56:00.058638,ORY,NAT,2026-09-18,1639,,
2026-06-23T20:14:33.751687,ORY,NAT,2026-09-18,990,,
2026-06-23T20:14:33.751706,ORY,NAT,2026-09-18,1143,,
2026-06-23T20:14:33.751710,ORY,NAT,2026-09-18,1208,,
2026-06-23T20:14:33.751713,ORY,NAT,2026-09-18,1212,,
2026-06-23T20:14:33.751716,ORY,NAT,2026-09-18,1260,,
2026-06-23T20:14:33.751719,ORY,NAT,2026-09-18,1281,,
2026-06-23T20:14:33.751721,ORY,NAT,2026-09-18,1366,,
2026-06-23T20:14:33.751724,ORY,NAT,2026-09-18,1635,,
2026-06-24T09:42:11.538023,ORY,NAT,2026-09-18,987,,
2026-06-24T09:42:11.538040,ORY,NAT,2026-09-18,1140,,
2026-06-24T09:42:11.538044,ORY,NAT,2026-09-18,1204,,
2026-06-24T09:42:11.538047,ORY,NAT,2026-09-18,1209,,
2026-06-24T09:42:11.538050,ORY,NAT,2026-09-18,1256,,
2026-06-24T09:42:11.538052,ORY,NAT,2026-09-18,1277,,
2026-06-24T09:42:11.538054,ORY,NAT,2026-09-18,1362,,
2026-06-24T09:42:11.538057,ORY,NAT,2026-09-18,1630,,
2026-06-25T20:11:11.129151,ORY,NAT,2026-09-18,989,,
2026-06-25T20:11:11.129170,ORY,NAT,2026-09-18,1093,,
2026-06-25T20:11:11.129174,ORY,NAT,2026-09-18,1142,,
2026-06-25T20:11:11.129177,ORY,NAT,2026-09-18,1202,,
2026-06-25T20:11:11.129180,ORY,NAT,2026-09-18,1206,,
2026-06-25T20:11:11.129182,ORY,NAT,2026-09-18,1211,,
2026-06-25T20:11:11.129184,ORY,NAT,2026-09-18,1259,,
2026-06-25T20:11:11.129186,ORY,NAT,2026-09-18,1280,,
2026-06-25T20:11:11.129189,ORY,NAT,2026-09-18,1469,,
2026-06-26T04:16:51.804395,ORY,NAT,2026-09-18,990,,
2026-06-26T04:16:51.804414,ORY,NAT,2026-09-18,1093,,
2026-06-26T04:16:51.804417,ORY,NAT,2026-09-18,1142,,
2026-06-26T04:16:51.804419,ORY,NAT,2026-09-18,1202,,
2026-06-26T04:16:51.804421,ORY,NAT,2026-09-18,1207,,
2026-06-26T04:16:51.804423,ORY,NAT,2026-09-18,1211,,
2026-06-26T04:16:51.804425,ORY,NAT,2026-09-18,1259,,
2026-06-26T04:16:51.804426,ORY,NAT,2026-09-18,1280,,
2026-06-26T04:16:51.804428,ORY,NAT,2026-09-18,1470,,
2026-06-26T09:40:15.631071,ORY,NAT,2026-09-18,992,,
2026-06-26T09:40:15.631090,ORY,NAT,2026-09-18,1096,,
2026-06-26T09:40:15.631095,ORY,NAT,2026-09-18,1145,,
2026-06-26T09:40:15.631098,ORY,NAT,2026-09-18,1205,,
2026-06-26T09:40:15.631100,ORY,NAT,2026-09-18,1209,,
2026-06-26T09:40:15.631103,ORY,NAT,2026-09-18,1214,,
2026-06-26T09:40:15.631105,ORY,NAT,2026-09-18,1261,,
2026-06-26T09:40:15.631107,ORY,NAT,2026-09-18,1282,,
2026-06-26T09:40:15.631110,ORY,NAT,2026-09-18,1473,,
2026-06-26T19:59:33.827465,ORY,NAT,2026-09-18,991,,
2026-06-26T19:59:33.827491,ORY,NAT,2026-09-18,1122,,
2026-06-26T19:59:33.827498,ORY,NAT,2026-09-18,1143,,
2026-06-26T19:59:33.827504,ORY,NAT,2026-09-18,1204,,
2026-06-26T19:59:33.827509,ORY,NAT,2026-09-18,1208,,
2026-06-26T19:59:33.827514,ORY,NAT,2026-09-18,1213,,
2026-06-26T19:59:33.827519,ORY,NAT,2026-09-18,1260,,
2026-06-26T19:59:33.827525,ORY,NAT,2026-09-18,1281,,
2026-06-26T19:59:33.827529,ORY,NAT,2026-09-18,1471,,
2026-06-27T04:02:48.134875,ORY,NAT,2026-09-18,991,,
2026-06-27T04:02:48.134897,ORY,NAT,2026-09-18,1144,,
2026-06-27T04:02:48.134901,ORY,NAT,2026-09-18,1209,,
2026-06-27T04:02:48.134905,ORY,NAT,2026-09-18,1214,,
2026-06-27T04:02:48.134907,ORY,NAT,2026-09-18,1261,,
2026-06-27T04:02:48.134910,ORY,NAT,2026-09-18,1282,,
2026-06-27T04:02:48.134912,ORY,NAT,2026-09-18,1367,,
2026-06-27T04:02:48.134914,ORY,NAT,2026-09-18,1472,,
2026-06-27T08:45:08.913827,ORY,NAT,2026-09-18,991,,
2026-06-27T08:45:08.913847,ORY,NAT,2026-09-18,1144,,
2026-06-27T08:45:08.913851,ORY,NAT,2026-09-18,1208,,
2026-06-27T08:45:08.913854,ORY,NAT,2026-09-18,1213,,
2026-06-27T08:45:08.913857,ORY,NAT,2026-09-18,1261,,
2026-06-27T08:45:08.913859,ORY,NAT,2026-09-18,1282,,
2026-06-27T08:45:08.913861,ORY,NAT,2026-09-18,1367,,
2026-06-27T08:45:08.913864,ORY,NAT,2026-09-18,1472,,
2026-06-27T08:45:08.913866,ORY,NAT,2026-09-18,1636,,
2026-06-27T13:57:16.732405,ORY,NAT,2026-09-18,991,,
2026-06-27T13:57:16.732425,ORY,NAT,2026-09-18,1144,,
2026-06-27T13:57:16.732429,ORY,NAT,2026-09-18,1208,,
2026-06-27T13:57:16.732432,ORY,NAT,2026-09-18,1213,,
2026-06-27T13:57:16.732434,ORY,NAT,2026-09-18,1261,,
2026-06-27T13:57:16.732437,ORY,NAT,2026-09-18,1282,,
2026-06-27T13:57:16.732439,ORY,NAT,2026-09-18,1367,,
2026-06-27T13:57:16.732441,ORY,NAT,2026-09-18,1472,,
2026-06-27T13:57:16.732444,ORY,NAT,2026-09-18,1636,,
2026-06-27T19:38:08.164569,ORY,NAT,2026-09-18,991,,
2026-06-27T19:38:08.164586,ORY,NAT,2026-09-18,1144,,
2026-06-27T19:38:08.164590,ORY,NAT,2026-09-18,1208,,
2026-06-27T19:38:08.164593,ORY,NAT,2026-09-18,1213,,
2026-06-27T19:38:08.164595,ORY,NAT,2026-09-18,1261,,
2026-06-27T19:38:08.164598,ORY,NAT,2026-09-18,1282,,
2026-06-27T19:38:08.164600,ORY,NAT,2026-09-18,1367,,
2026-06-27T19:38:08.164602,ORY,NAT,2026-09-18,1472,,
2026-06-27T19:38:08.164605,ORY,NAT,2026-09-18,1636,,
2026-06-28T04:25:45.831509,ORY,NAT,2026-09-18,991,,
2026-06-28T04:25:45.831529,ORY,NAT,2026-09-18,1144,,
2026-06-28T04:25:45.831533,ORY,NAT,2026-09-18,1208,,
2026-06-28T04:25:45.831536,ORY,NAT,2026-09-18,1213,,
2026-06-28T04:25:45.831539,ORY,NAT,2026-09-18,1261,,
2026-06-28T04:25:45.831541,ORY,NAT,2026-09-18,1282,,
2026-06-28T04:25:45.831543,ORY,NAT,2026-09-18,1367,,
2026-06-28T04:25:45.831546,ORY,NAT,2026-09-18,1472,,
2026-06-28T04:25:45.831548,ORY,NAT,2026-09-18,1636,,
2026-06-28T09:21:33.009454,ORY,NAT,2026-09-18,991,,
2026-06-28T09:21:33.009474,ORY,NAT,2026-09-18,1144,,
2026-06-28T09:21:33.009478,ORY,NAT,2026-09-18,1208,,
2026-06-28T09:21:33.009481,ORY,NAT,2026-09-18,1213,,
2026-06-28T09:21:33.009483,ORY,NAT,2026-09-18,1261,,
2026-06-28T09:21:33.009486,ORY,NAT,2026-09-18,1282,,
2026-06-28T09:21:33.009488,ORY,NAT,2026-09-18,1367,,
2026-06-28T09:21:33.009490,ORY,NAT,2026-09-18,1472,,
2026-06-28T09:21:33.009492,ORY,NAT,2026-09-18,1636,,
2026-06-28T19:39:16.052684,ORY,NAT,2026-09-18,991,,
2026-06-28T19:39:16.052702,ORY,NAT,2026-09-18,1144,,
2026-06-28T19:39:16.052706,ORY,NAT,2026-09-18,1209,,
2026-06-28T19:39:16.052709,ORY,NAT,2026-09-18,1214,,
2026-06-28T19:39:16.052712,ORY,NAT,2026-09-18,1261,,
2026-06-28T19:39:16.052714,ORY,NAT,2026-09-18,1282,,
2026-06-28T19:39:16.052717,ORY,NAT,2026-09-18,1367,,
2026-06-28T19:39:16.052719,ORY,NAT,2026-09-18,1472,,
2026-06-28T19:39:16.052721,ORY,NAT,2026-09-18,1636,,
2026-06-29T04:44:41.872788,ORY,NAT,2026-09-18,990,,
2026-06-29T04:44:41.872824,ORY,NAT,2026-09-18,1143,,
2026-06-29T04:44:41.872829,ORY,NAT,2026-09-18,1208,,
2026-06-29T04:44:41.872832,ORY,NAT,2026-09-18,1213,,
2026-06-29T04:44:41.872835,ORY,NAT,2026-09-18,1260,,
2026-06-29T04:44:41.872837,ORY,NAT,2026-09-18,1281,,
2026-06-29T04:44:41.872840,ORY,NAT,2026-09-18,1366,,
2026-06-29T04:44:41.872842,ORY,NAT,2026-09-18,1471,,
2026-06-29T04:44:41.872844,ORY,NAT,2026-09-18,1635,,
2026-06-29T11:13:45.227153,ORY,NAT,2026-09-18,992,,
2026-06-29T11:13:45.227172,ORY,NAT,2026-09-18,1145,,
2026-06-29T11:13:45.227176,ORY,NAT,2026-09-18,1210,,
2026-06-29T11:13:45.227179,ORY,NAT,2026-09-18,1215,,
2026-06-29T11:13:45.227182,ORY,NAT,2026-09-18,1262,,
2026-06-29T11:13:45.227185,ORY,NAT,2026-09-18,1283,,
2026-06-29T11:13:45.227187,ORY,NAT,2026-09-18,1369,,
2026-06-29T11:13:45.227189,ORY,NAT,2026-09-18,1474,,
2026-06-29T11:13:45.227191,ORY,NAT,2026-09-18,1638,,
2026-06-29T20:07:52.278439,ORY,NAT,2026-09-18,994,,
2026-06-29T20:07:52.278459,ORY,NAT,2026-09-18,1147,,
2026-06-29T20:07:52.278463,ORY,NAT,2026-09-18,1212,,
2026-06-29T20:07:52.278466,ORY,NAT,2026-09-18,1217,,
2026-06-29T20:07:52.278469,ORY,NAT,2026-09-18,1217,,
2026-06-29T20:07:52.278471,ORY,NAT,2026-09-18,1248,,
2026-06-29T20:07:52.278474,ORY,NAT,2026-09-18,1264,,
2026-06-29T20:07:52.278476,ORY,NAT,2026-09-18,1264,,
2026-06-29T20:07:52.278478,ORY,NAT,2026-09-18,1285,,
2026-06-29T20:07:52.278481,ORY,NAT,2026-09-18,1476,,
2026-06-29T20:07:52.278483,ORY,NAT,2026-09-18,1641,,
2026-06-30T04:11:16.102418,ORY,NAT,2026-09-18,992,,
2026-06-30T04:11:16.102438,ORY,NAT,2026-09-18,1131,,
2026-06-30T04:11:16.102442,ORY,NAT,2026-09-18,1145,,
2026-06-30T04:11:16.102445,ORY,NAT,2026-09-18,1210,,
2026-06-30T04:11:16.102448,ORY,NAT,2026-09-18,1215,,
2026-06-30T04:11:16.102450,ORY,NAT,2026-09-18,1241,,
2026-06-30T04:11:16.102452,ORY,NAT,2026-09-18,1262,,
2026-06-30T04:11:16.102455,ORY,NAT,2026-09-18,1262,,
2026-06-30T04:11:16.102457,ORY,NAT,2026-09-18,1283,,
2026-06-30T04:11:16.102460,ORY,NAT,2026-09-18,1473,,
2026-06-30T04:11:16.102462,ORY,NAT,2026-09-18,1638,,
2026-06-30T09:53:08.010342,ORY,NAT,2026-09-18,991,,
2026-06-30T09:53:08.010361,ORY,NAT,2026-09-18,1144,,
2026-06-30T09:53:08.010365,ORY,NAT,2026-09-18,1209,,
2026-06-30T09:53:08.010368,ORY,NAT,2026-09-18,1240,,
2026-06-30T09:53:08.010371,ORY,NAT,2026-09-18,1240,,
2026-06-30T09:53:08.010373,ORY,NAT,2026-09-18,1261,,
2026-06-30T09:53:08.010376,ORY,NAT,2026-09-18,1261,,
2026-06-30T09:53:08.010378,ORY,NAT,2026-09-18,1278,,
2026-06-30T09:53:08.010380,ORY,NAT,2026-09-18,1282,,
2026-06-30T09:53:08.010383,ORY,NAT,2026-09-18,1472,,
2026-06-30T09:53:08.010385,ORY,NAT,2026-09-18,1637,,
2026-06-30T14:32:34.235226,ORY,NAT,2026-09-18,992,,
2026-06-30T14:32:34.235265,ORY,NAT,2026-09-18,1145,,
2026-06-30T14:32:34.235269,ORY,NAT,2026-09-18,1210,,
2026-06-30T14:32:34.235272,ORY,NAT,2026-09-18,1236,,
2026-06-30T14:32:34.235275,ORY,NAT,2026-09-18,1245,,
2026-06-30T14:32:34.235277,ORY,NAT,2026-09-18,1262,,
2026-06-30T14:32:34.235279,ORY,NAT,2026-09-18,1262,,
2026-06-30T14:32:34.235281,ORY,NAT,2026-09-18,1278,,
2026-06-30T14:32:34.235284,ORY,NAT,2026-09-18,1283,,
2026-06-30T14:32:34.235286,ORY,NAT,2026-09-18,1473,,
2026-06-30T14:32:34.235288,ORY,NAT,2026-09-18,1638,,
2026-06-30T20:06:34.888580,ORY,NAT,2026-09-18,994,,
2026-06-30T20:06:34.888629,ORY,NAT,2026-09-18,1147,,
2026-06-30T20:06:34.888634,ORY,NAT,2026-09-18,1212,,
2026-06-30T20:06:34.888637,ORY,NAT,2026-09-18,1238,,
2026-06-30T20:06:34.888640,ORY,NAT,2026-09-18,1248,,
2026-06-30T20:06:34.888642,ORY,NAT,2026-09-18,1264,,
2026-06-30T20:06:34.888645,ORY,NAT,2026-09-18,1264,,
2026-06-30T20:06:34.888647,ORY,NAT,2026-09-18,1281,,
2026-06-30T20:06:34.888649,ORY,NAT,2026-09-18,1285,,
2026-06-30T20:06:34.888652,ORY,NAT,2026-09-18,1476,,
2026-06-30T20:06:34.888654,ORY,NAT,2026-09-18,1640,,
2026-07-01T04:39:39.417420,ORY,NAT,2026-09-18,992,,
2026-07-01T04:39:39.417440,ORY,NAT,2026-09-18,1160,,
2026-07-01T04:39:39.417444,ORY,NAT,2026-09-18,1210,,
2026-07-01T04:39:39.417447,ORY,NAT,2026-09-18,1241,,
2026-07-01T04:39:39.417450,ORY,NAT,2026-09-18,1241,,
2026-07-01T04:39:39.417452,ORY,NAT,2026-09-18,1262,,
2026-07-01T04:39:39.417455,ORY,NAT,2026-09-18,1262,,
2026-07-01T04:39:39.417457,ORY,NAT,2026-09-18,1278,,
2026-07-01T04:39:39.417460,ORY,NAT,2026-09-18,1298,,
2026-07-01T04:39:39.417462,ORY,NAT,2026-09-18,1474,,
2026-07-01T04:39:39.417465,ORY,NAT,2026-09-18,1638,,
2026-07-01T10:02:07.369427,ORY,NAT,2026-09-18,992,,
2026-07-01T10:02:07.369447,ORY,NAT,2026-09-18,1159,,
2026-07-01T10:02:07.369451,ORY,NAT,2026-09-18,1209,,
2026-07-01T10:02:07.369454,ORY,NAT,2026-09-18,1229,,
2026-07-01T10:02:07.369457,ORY,NAT,2026-09-18,1239,,
2026-07-01T10:02:07.369459,ORY,NAT,2026-09-18,1261,,
2026-07-01T10:02:07.369461,ORY,NAT,2026-09-18,1261,,
2026-07-01T10:02:07.369464,ORY,NAT,2026-09-18,1278,,
2026-07-01T10:02:07.369466,ORY,NAT,2026-09-18,1297,,
2026-07-01T10:02:07.369468,ORY,NAT,2026-09-18,1473,,
2026-07-01T10:02:07.369471,ORY,NAT,2026-09-18,1637,,
2026-07-01T14:50:23.266361,ORY,NAT,2026-09-18,992,,
2026-07-01T14:50:23.266381,ORY,NAT,2026-09-18,1160,,
2026-07-01T14:50:23.266386,ORY,NAT,2026-09-18,1210,,
2026-07-01T14:50:23.266388,ORY,NAT,2026-09-18,1230,,
2026-07-01T14:50:23.266391,ORY,NAT,2026-09-18,1240,,
2026-07-01T14:50:23.266393,ORY,NAT,2026-09-18,1261,,
2026-07-01T14:50:23.266396,ORY,NAT,2026-09-18,1262,,
2026-07-01T14:50:23.266398,ORY,NAT,2026-09-18,1278,,
2026-07-01T14:50:23.266400,ORY,NAT,2026-09-18,1298,,
2026-07-01T14:50:23.266403,ORY,NAT,2026-09-18,1473,,
2026-07-01T14:50:23.266405,ORY,NAT,2026-09-18,1637,,
2026-07-01T20:04:12.330572,ORY,NAT,2026-09-18,990,,
2026-07-01T20:04:12.330597,ORY,NAT,2026-09-18,1123,,
2026-07-01T20:04:12.330602,ORY,NAT,2026-09-18,1207,,
2026-07-01T20:04:12.330605,ORY,NAT,2026-09-18,1233,,
2026-07-01T20:04:12.330607,ORY,NAT,2026-09-18,1259,,
2026-07-01T20:04:12.330610,ORY,NAT,2026-09-18,1276,,
2026-07-01T20:04:12.330612,ORY,NAT,2026-09-18,1295,,
2026-07-01T20:04:12.330614,ORY,NAT,2026-09-18,1465,,
2026-07-01T20:04:12.330617,ORY,NAT,2026-09-18,1629,,
2026-07-02T04:06:46.445590,ORY,NAT,2026-09-18,990,,
2026-07-02T04:06:46.445610,ORY,NAT,2026-09-18,1207,,
2026-07-02T04:06:46.445615,ORY,NAT,2026-09-18,1227,,
2026-07-02T04:06:46.445618,ORY,NAT,2026-09-18,1237,,
2026-07-02T04:06:46.445620,ORY,NAT,2026-09-18,1259,,
2026-07-02T04:06:46.445623,ORY,NAT,2026-09-18,1276,,
2026-07-02T04:06:46.445625,ORY,NAT,2026-09-18,1295,,
2026-07-02T04:06:46.445628,ORY,NAT,2026-09-18,1465,,
2026-07-02T04:06:46.445630,ORY,NAT,2026-09-18,1629,,
2026-07-02T19:41:32.689520,ORY,NAT,2026-09-18,995,,
2026-07-02T19:41:32.689537,ORY,NAT,2026-09-18,1129,,
2026-07-02T19:41:32.689542,ORY,NAT,2026-09-18,1213,,
2026-07-02T19:41:32.689545,ORY,NAT,2026-09-18,1238,,
2026-07-02T19:41:32.689547,ORY,NAT,2026-09-18,1265,,
2026-07-02T19:41:32.689550,ORY,NAT,2026-09-18,1282,,
2026-07-02T19:41:32.689552,ORY,NAT,2026-09-18,1301,,
2026-07-02T19:41:32.689554,ORY,NAT,2026-09-18,1472,,
2026-07-02T19:41:32.689556,ORY,NAT,2026-09-18,1636,,
2026-07-03T03:53:00.965647,ORY,NAT,2026-09-18,995,,
2026-07-03T03:53:00.965668,ORY,NAT,2026-09-18,1213,,
2026-07-03T03:53:00.965673,ORY,NAT,2026-09-18,1234,,
2026-07-03T03:53:00.965676,ORY,NAT,2026-09-18,1244,,
2026-07-03T03:53:00.965678,ORY,NAT,2026-09-18,1266,,
2026-07-03T03:53:00.965681,ORY,NAT,2026-09-18,1282,,
2026-07-03T03:53:00.965683,ORY,NAT,2026-09-18,1302,,
2026-07-03T03:53:00.965685,ORY,NAT,2026-09-18,1472,,
2026-07-03T03:53:00.965687,ORY,NAT,2026-09-18,1637,,
2026-07-03T09:29:05.407674,ORY,NAT,2026-09-18,996,,
2026-07-03T09:29:05.407697,ORY,NAT,2026-09-18,1215,,
2026-07-03T09:29:05.407702,ORY,NAT,2026-09-18,1235,,
2026-07-03T09:29:05.407705,ORY,NAT,2026-09-18,1245,,
2026-07-03T09:29:05.407707,ORY,NAT,2026-09-18,1267,,
2026-07-03T09:29:05.407710,ORY,NAT,2026-09-18,1284,,
2026-07-03T09:29:05.407712,ORY,NAT,2026-09-18,1303,,
2026-07-03T09:29:05.407715,ORY,NAT,2026-09-18,1474,,
2026-07-03T09:29:05.407717,ORY,NAT,2026-09-18,1639,,
2026-07-03T14:23:30.716608,ORY,NAT,2026-09-18,996,,
2026-07-03T14:23:30.716626,ORY,NAT,2026-09-18,1214,,
2026-07-03T14:23:30.716630,ORY,NAT,2026-09-18,1234,,
2026-07-03T14:23:30.716633,ORY,NAT,2026-09-18,1244,,
2026-07-03T14:23:30.716636,ORY,NAT,2026-09-18,1266,,
2026-07-03T14:23:30.716638,ORY,NAT,2026-09-18,1283,,
2026-07-03T14:23:30.716641,ORY,NAT,2026-09-18,1302,,
2026-07-03T14:23:30.716643,ORY,NAT,2026-09-18,1473,,
2026-07-03T14:23:30.716645,ORY,NAT,2026-09-18,1638,,
2026-07-03T19:39:10.257728,ORY,NAT,2026-09-18,995,,
2026-07-03T19:39:10.257747,ORY,NAT,2026-09-18,1129,,
2026-07-03T19:39:10.257750,ORY,NAT,2026-09-18,1214,,
2026-07-03T19:39:10.257752,ORY,NAT,2026-09-18,1239,,
2026-07-03T19:39:10.257754,ORY,NAT,2026-09-18,1266,,
2026-07-03T19:39:10.257756,ORY,NAT,2026-09-18,1266,,
2026-07-03T19:39:10.257758,ORY,NAT,2026-09-18,1302,,
2026-07-03T19:39:10.257760,ORY,NAT,2026-09-18,1472,,
2026-07-03T19:39:10.257762,ORY,NAT,2026-09-18,1637,,
2026-07-04T03:46:06.188925,ORY,NAT,2026-09-18,996,,
2026-07-04T03:46:06.188943,ORY,NAT,2026-09-18,1214,,
2026-07-04T03:46:06.188947,ORY,NAT,2026-09-18,1234,,
2026-07-04T03:46:06.188950,ORY,NAT,2026-09-18,1244,,
2026-07-04T03:46:06.188953,ORY,NAT,2026-09-18,1266,,
2026-07-04T03:46:06.188955,ORY,NAT,2026-09-18,1266,,
2026-07-04T03:46:06.188958,ORY,NAT,2026-09-18,1302,,
2026-07-04T03:46:06.188960,ORY,NAT,2026-09-18,1473,,
2026-07-04T03:46:06.188962,ORY,NAT,2026-09-18,1638,,
2026-07-04T13:48:21.258125,ORY,NAT,2026-09-18,995,,
2026-07-04T13:48:21.258143,ORY,NAT,2026-09-18,1239,,
2026-07-04T13:48:21.258147,ORY,NAT,2026-09-18,1244,,
2026-07-04T13:48:21.258150,ORY,NAT,2026-09-18,1266,,
2026-07-04T13:48:21.258152,ORY,NAT,2026-09-18,1302,,
2026-07-04T13:48:21.258155,ORY,NAT,2026-09-18,1473,,
2026-07-04T13:48:21.258157,ORY,NAT,2026-09-18,1637,,
2026-07-04T19:23:48.847326,ORY,NAT,2026-09-18,995,,
2026-07-04T19:23:48.847345,ORY,NAT,2026-09-18,1239,,
2026-07-04T19:23:48.847349,ORY,NAT,2026-09-18,1244,,
2026-07-04T19:23:48.847352,ORY,NAT,2026-09-18,1266,,
2026-07-04T19:23:48.847355,ORY,NAT,2026-09-18,1302,,
2026-07-04T19:23:48.847357,ORY,NAT,2026-09-18,1473,,
2026-07-04T19:23:48.847360,ORY,NAT,2026-09-18,1637,,
2026-07-05T04:04:33.580286,ORY,NAT,2026-09-18,995,,
2026-07-05T04:04:33.580305,ORY,NAT,2026-09-18,1012,,
2026-07-05T04:04:33.580310,ORY,NAT,2026-09-18,1239,,
2026-07-05T04:04:33.580312,ORY,NAT,2026-09-18,1243,,
2026-07-05T04:04:33.580315,ORY,NAT,2026-09-18,1266,,
2026-07-05T04:04:33.580317,ORY,NAT,2026-09-18,1302,,
2026-07-05T04:04:33.580320,ORY,NAT,2026-09-18,1472,,
2026-07-05T04:04:33.580322,ORY,NAT,2026-09-18,1637,,
2026-07-05T09:15:20.455534,ORY,NAT,2026-09-18,995,,
2026-07-05T09:15:20.455554,ORY,NAT,2026-09-18,1213,,
2026-07-05T09:15:20.455558,ORY,NAT,2026-09-18,1239,,
2026-07-05T09:15:20.455561,ORY,NAT,2026-09-18,1243,,
2026-07-05T09:15:20.455564,ORY,NAT,2026-09-18,1266,,
2026-07-05T09:15:20.455566,ORY,NAT,2026-09-18,1302,,
2026-07-05T09:15:20.455568,ORY,NAT,2026-09-18,1472,,
2026-07-05T09:15:20.455571,ORY,NAT,2026-09-18,1637,,
2026-07-05T13:54:35.633339,ORY,NAT,2026-09-18,995,,
2026-07-05T13:54:35.633356,ORY,NAT,2026-09-18,1213,,
2026-07-05T13:54:35.633360,ORY,NAT,2026-09-18,1239,,
2026-07-05T13:54:35.633363,ORY,NAT,2026-09-18,1243,,
2026-07-05T13:54:35.633366,ORY,NAT,2026-09-18,1266,,
2026-07-05T13:54:35.633368,ORY,NAT,2026-09-18,1302,,
2026-07-05T13:54:35.633370,ORY,NAT,2026-09-18,1472,,
2026-07-05T13:54:35.633373,ORY,NAT,2026-09-18,1637,,
2026-07-05T19:33:58.996343,ORY,NAT,2026-09-18,995,,
2026-07-05T19:33:58.996364,ORY,NAT,2026-09-18,1214,,
2026-07-05T19:33:58.996369,ORY,NAT,2026-09-18,1239,,
2026-07-05T19:33:58.996372,ORY,NAT,2026-09-18,1244,,
2026-07-05T19:33:58.996375,ORY,NAT,2026-09-18,1266,,
2026-07-05T19:33:58.996377,ORY,NAT,2026-09-18,1302,,
2026-07-05T19:33:58.996379,ORY,NAT,2026-09-18,1473,,
2026-07-05T19:33:58.996382,ORY,NAT,2026-09-18,1637,,
2026-07-06T04:11:18.543752,ORY,NAT,2026-09-18,995,,
2026-07-06T04:11:18.543771,ORY,NAT,2026-09-18,1213,,
2026-07-06T04:11:18.543775,ORY,NAT,2026-09-18,1233,,
2026-07-06T04:11:18.543778,ORY,NAT,2026-09-18,1238,,
2026-07-06T04:11:18.543781,ORY,NAT,2026-09-18,1243,,
2026-07-06T04:11:18.543783,ORY,NAT,2026-09-18,1265,,
2026-07-06T04:11:18.543786,ORY,NAT,2026-09-18,1472,,
2026-07-06T04:11:18.543788,ORY,NAT,2026-09-18,1636,,
2026-07-06T10:51:36.578956,ORY,NAT,2026-09-18,993,,
2026-07-06T10:51:36.578973,ORY,NAT,2026-09-18,1211,,
2026-07-06T10:51:36.578977,ORY,NAT,2026-09-18,1231,,
2026-07-06T10:51:36.578980,ORY,NAT,2026-09-18,1236,,
2026-07-06T10:51:36.578983,ORY,NAT,2026-09-18,1263,,
2026-07-06T10:51:36.578985,ORY,NAT,2026-09-18,1263,,
2026-07-06T10:51:36.578988,ORY,NAT,2026-09-18,1633,,
2026-07-06T15:48:19.396963,ORY,NAT,2026-09-18,993,,
2026-07-06T15:48:19.396985,ORY,NAT,2026-09-18,1211,,
2026-07-06T15:48:19.396990,ORY,NAT,2026-09-18,1231,,
2026-07-06T15:48:19.396993,ORY,NAT,2026-09-18,1237,,
2026-07-06T15:48:19.396995,ORY,NAT,2026-09-18,1263,,
2026-07-06T15:48:19.396998,ORY,NAT,2026-09-18,1263,,
2026-07-06T15:48:19.397000,ORY,NAT,2026-09-18,1634,,
2026-07-06T20:06:53.278642,ORY,NAT,2026-09-18,996,,
2026-07-06T20:06:53.278661,ORY,NAT,2026-09-18,1165,,
2026-07-06T20:06:53.278665,ORY,NAT,2026-09-18,1214,,
2026-07-06T20:06:53.278668,ORY,NAT,2026-09-18,1239,,
2026-07-06T20:06:53.278671,ORY,NAT,2026-09-18,1266,,
2026-07-06T20:06:53.278673,ORY,NAT,2026-09-18,1266,,
2026-07-06T20:06:53.278676,ORY,NAT,2026-09-18,1473,,
2026-07-06T20:06:53.278678,ORY,NAT,2026-09-18,1638,,
2026-07-07T04:01:19.288654,ORY,NAT,2026-09-18,996,,
2026-07-07T04:01:19.288673,ORY,NAT,2026-09-18,1165,,
2026-07-07T04:01:19.288678,ORY,NAT,2026-09-18,1214,,
2026-07-07T04:01:19.288681,ORY,NAT,2026-09-18,1266,,
2026-07-07T04:01:19.288683,ORY,NAT,2026-09-18,1266,,
2026-07-07T04:01:19.288686,ORY,NAT,2026-09-18,1367,,
2026-07-07T04:01:19.288688,ORY,NAT,2026-09-18,1637,,
2026-07-07T04:01:19.288690,ORY,NAT,2026-09-18,1637,,
2026-07-07T09:53:35.638588,ORY,NAT,2026-09-18,994,,
2026-07-07T09:53:35.638608,ORY,NAT,2026-09-18,1164,,
2026-07-07T09:53:35.638612,ORY,NAT,2026-09-18,1212,,
2026-07-07T09:53:35.638615,ORY,NAT,2026-09-18,1264,,
2026-07-07T09:53:35.638617,ORY,NAT,2026-09-18,1265,,
2026-07-07T09:53:35.638620,ORY,NAT,2026-09-18,1366,,
2026-07-07T09:53:35.638622,ORY,NAT,2026-09-18,1636,,
2026-07-07T09:53:35.638624,ORY,NAT,2026-09-18,1636,,
2026-07-07T14:51:54.554841,ORY,NAT,2026-09-18,994,,
2026-07-07T14:51:54.554861,ORY,NAT,2026-09-18,1163,,
2026-07-07T14:51:54.554865,ORY,NAT,2026-09-18,1163,,
2026-07-07T14:51:54.554868,ORY,NAT,2026-09-18,1212,,
2026-07-07T14:51:54.554871,ORY,NAT,2026-09-18,1264,,
2026-07-07T14:51:54.554873,ORY,NAT,2026-09-18,1265,,
2026-07-07T14:51:54.554876,ORY,NAT,2026-09-18,1366,,
2026-07-07T14:51:54.554879,ORY,NAT,2026-09-18,1635,,
2026-07-07T14:51:54.554881,ORY,NAT,2026-09-18,1635,,
2026-07-07T20:05:37.225471,ORY,NAT,2026-09-18,993,,
2026-07-07T20:05:37.225490,ORY,NAT,2026-09-18,1161,,
2026-07-07T20:05:37.225495,ORY,NAT,2026-09-18,1162,,
2026-07-07T20:05:37.225498,ORY,NAT,2026-09-18,1211,,
2026-07-07T20:05:37.225501,ORY,NAT,2026-09-18,1263,,
2026-07-07T20:05:37.225503,ORY,NAT,2026-09-18,1263,,
2026-07-07T20:05:37.225506,ORY,NAT,2026-09-18,1364,,
2026-07-07T20:05:37.225508,ORY,NAT,2026-09-18,1633,,
2026-07-07T20:05:37.225510,ORY,NAT,2026-09-18,1633,,
2026-07-08T08:38:32.350611,ORY,NAT,2026-09-18,994,,
2026-07-08T08:38:32.350630,ORY,NAT,2026-09-18,1162,,
2026-07-08T08:38:32.350635,ORY,NAT,2026-09-18,1163,,
2026-07-08T08:38:32.350638,ORY,NAT,2026-09-18,1264,,
2026-07-08T08:38:32.350641,ORY,NAT,2026-09-18,1264,,
2026-07-08T08:38:32.350643,ORY,NAT,2026-09-18,1365,,
2026-07-08T08:38:32.350645,ORY,NAT,2026-09-18,1635,,
2026-07-08T08:38:32.350648,ORY,NAT,2026-09-18,1635,,
2026-07-08T14:29:47.097277,ORY,NAT,2026-09-18,993,,
2026-07-08T14:29:47.097299,ORY,NAT,2026-09-18,1162,,
2026-07-08T14:29:47.097303,ORY,NAT,2026-09-18,1210,,
2026-07-08T14:29:47.097306,ORY,NAT,2026-09-18,1263,,
2026-07-08T14:29:47.097309,ORY,NAT,2026-09-18,1275,,
2026-07-08T14:29:47.097311,ORY,NAT,2026-09-18,1364,,
2026-07-08T14:29:47.097314,ORY,NAT,2026-09-18,1633,,
2026-07-08T14:29:47.097316,ORY,NAT,2026-09-18,1633,,
2026-07-08T19:43:52.288492,ORY,NAT,2026-09-18,994,,
2026-07-08T19:43:52.288513,ORY,NAT,2026-09-18,1164,,
2026-07-08T19:43:52.288518,ORY,NAT,2026-09-18,1212,,
2026-07-08T19:43:52.288520,ORY,NAT,2026-09-18,1265,,
2026-07-08T19:43:52.288523,ORY,NAT,2026-09-18,1277,,
2026-07-08T19:43:52.288525,ORY,NAT,2026-09-18,1366,,
2026-07-08T19:43:52.288527,ORY,NAT,2026-09-18,1636,,
2026-07-08T19:43:52.288530,ORY,NAT,2026-09-18,1636,,
2026-07-09T03:55:33.453471,ORY,NAT,2026-09-18,994,,
2026-07-09T03:55:33.453491,ORY,NAT,2026-09-18,1163,,
2026-07-09T03:55:33.453515,ORY,NAT,2026-09-18,1265,,
2026-07-09T03:55:33.453519,ORY,NAT,2026-09-18,1276,,
2026-07-09T03:55:33.453522,ORY,NAT,2026-09-18,1366,,
2026-07-09T03:55:33.453525,ORY,NAT,2026-09-18,1635,,
2026-07-09T03:55:33.453528,ORY,NAT,2026-09-18,1635,,
2026-07-09T15:25:12.658303,ORY,NAT,2026-09-18,995,,
2026-07-09T15:25:12.658326,ORY,NAT,2026-09-18,1164,,
2026-07-09T15:25:12.658330,ORY,NAT,2026-09-18,1265,,
2026-07-09T15:25:12.658333,ORY,NAT,2026-09-18,1277,,
2026-07-09T15:25:12.658336,ORY,NAT,2026-09-18,1366,,
2026-07-09T15:25:12.658338,ORY,NAT,2026-09-18,1636,,
2026-07-09T15:25:12.658340,ORY,NAT,2026-09-18,1636,,
2026-07-09T19:56:03.806804,ORY,NAT,2026-09-18,995,,
2026-07-09T19:56:03.806845,ORY,NAT,2026-09-18,1164,,
2026-07-09T19:56:03.806850,ORY,NAT,2026-09-18,1265,,
2026-07-09T19:56:03.806853,ORY,NAT,2026-09-18,1277,,
2026-07-09T19:56:03.806856,ORY,NAT,2026-09-18,1366,,
2026-07-09T19:56:03.806858,ORY,NAT,2026-09-18,1636,,
2026-07-09T19:56:03.806861,ORY,NAT,2026-09-18,1636,,
2026-07-10T03:55:58.227176,ORY,NAT,2026-09-18,893,,
2026-07-10T03:55:58.227198,ORY,NAT,2026-09-18,893,,
2026-07-10T03:55:58.227202,ORY,NAT,2026-09-18,997,,
2026-07-10T03:55:58.227205,ORY,NAT,2026-09-18,1215,,
2026-07-10T03:55:58.227208,ORY,NAT,2026-09-18,1268,,
2026-07-10T03:55:58.227210,ORY,NAT,2026-09-18,1369,,
2026-07-10T03:55:58.227213,ORY,NAT,2026-09-18,1640,,
2026-07-10T03:55:58.227215,ORY,NAT,2026-09-18,1640,,
2026-07-10T09:47:09.788639,ORY,NAT,2026-09-18,891,,
2026-07-10T09:47:09.788660,ORY,NAT,2026-09-18,891,,
2026-07-10T09:47:09.788664,ORY,NAT,2026-09-18,995,,
2026-07-10T09:47:09.788667,ORY,NAT,2026-09-18,1213,,
2026-07-10T09:47:09.788670,ORY,NAT,2026-09-18,1265,,
2026-07-10T09:47:09.788672,ORY,NAT,2026-09-18,1366,,
2026-07-10T09:47:09.788675,ORY,NAT,2026-09-18,1636,,
2026-07-10T09:47:09.788677,ORY,NAT,2026-09-18,1636,,
2026-07-10T19:42:08.961876,ORY,NAT,2026-09-18,890,,
2026-07-10T19:42:08.961897,ORY,NAT,2026-09-18,890,,
2026-07-10T19:42:08.961901,ORY,NAT,2026-09-18,993,,
2026-07-10T19:42:08.961904,ORY,NAT,2026-09-18,1211,,
2026-07-10T19:42:08.961907,ORY,NAT,2026-09-18,1263,,
2026-07-10T19:42:08.961909,ORY,NAT,2026-09-18,1364,,
2026-07-10T19:42:08.961911,ORY,NAT,2026-09-18,1634,,
2026-07-11T03:22:23.645618,ORY,NAT,2026-09-18,890,,
2026-07-11T03:22:23.645637,ORY,NAT,2026-09-18,890,,
2026-07-11T03:22:23.645640,ORY,NAT,2026-09-18,994,,
2026-07-11T03:22:23.645643,ORY,NAT,2026-09-18,1212,,
2026-07-11T03:22:23.645645,ORY,NAT,2026-09-18,1264,,
2026-07-11T03:22:23.645646,ORY,NAT,2026-09-18,1365,,
2026-07-11T03:22:23.645648,ORY,NAT,2026-09-18,1635,,
2026-07-11T08:05:27.984635,ORY,NAT,2026-09-18,890,,
2026-07-11T08:05:27.984654,ORY,NAT,2026-09-18,994,,
2026-07-11T08:05:27.984658,ORY,NAT,2026-09-18,1212,,
2026-07-11T08:05:27.984661,ORY,NAT,2026-09-18,1264,,
2026-07-11T08:05:27.984664,ORY,NAT,2026-09-18,1365,,
2026-07-11T08:05:27.984666,ORY,NAT,2026-09-18,1635,,
2026-07-11T19:13:33.710576,ORY,NAT,2026-09-18,890,,
2026-07-11T19:13:33.710594,ORY,NAT,2026-09-18,993,,
2026-07-11T19:13:33.710598,ORY,NAT,2026-09-18,1211,,
2026-07-11T19:13:33.710601,ORY,NAT,2026-09-18,1263,,
2026-07-11T19:13:33.710603,ORY,NAT,2026-09-18,1364,,
2026-07-11T19:13:33.710606,ORY,NAT,2026-09-18,1634,,
2026-07-12T03:34:33.386941,ORY,NAT,2026-09-18,890,,
2026-07-12T03:34:33.386957,ORY,NAT,2026-09-18,993,,
2026-07-12T03:34:33.386960,ORY,NAT,2026-09-18,1211,,
2026-07-12T03:34:33.386963,ORY,NAT,2026-09-18,1263,,
2026-07-12T03:34:33.386965,ORY,NAT,2026-09-18,1364,,
2026-07-12T03:34:33.386967,ORY,NAT,2026-09-18,1634,,
2026-07-12T08:26:35.319244,ORY,NAT,2026-09-18,890,,
2026-07-12T08:26:35.319290,ORY,NAT,2026-09-18,890,,
2026-07-12T08:26:35.319297,ORY,NAT,2026-09-18,993,,
2026-07-12T08:26:35.319303,ORY,NAT,2026-09-18,1263,,
2026-07-12T08:26:35.319306,ORY,NAT,2026-09-18,1263,,
2026-07-12T08:26:35.319308,ORY,NAT,2026-09-18,1364,,
2026-07-12T08:26:35.319311,ORY,NAT,2026-09-18,1634,,
2026-07-12T13:41:38.851421,ORY,NAT,2026-09-18,890,,
2026-07-12T13:41:38.851445,ORY,NAT,2026-09-18,890,,
2026-07-12T13:41:38.851449,ORY,NAT,2026-09-18,994,,
2026-07-12T13:41:38.851452,ORY,NAT,2026-09-18,1264,,
2026-07-12T13:41:38.851455,ORY,NAT,2026-09-18,1264,,
2026-07-12T13:41:38.851457,ORY,NAT,2026-09-18,1366,,
2026-07-12T13:41:38.851460,ORY,NAT,2026-09-18,1635,,
2026-07-12T19:14:16.447878,ORY,NAT,2026-09-18,890,,
2026-07-12T19:14:16.447898,ORY,NAT,2026-09-18,890,,
2026-07-12T19:14:16.447903,ORY,NAT,2026-09-18,994,,
2026-07-12T19:14:16.447906,ORY,NAT,2026-09-18,1264,,
2026-07-12T19:14:16.447908,ORY,NAT,2026-09-18,1264,,
2026-07-12T19:14:16.447911,ORY,NAT,2026-09-18,1366,,
2026-07-12T19:14:16.447913,ORY,NAT,2026-09-18,1635,,
2026-07-13T03:36:52.037836,ORY,NAT,2026-09-18,888,,
2026-07-13T03:36:52.037855,ORY,NAT,2026-09-18,888,,
2026-07-13T03:36:52.037860,ORY,NAT,2026-09-18,991,,
2026-07-13T03:36:52.037863,ORY,NAT,2026-09-18,1260,,
2026-07-13T03:36:52.037865,ORY,NAT,2026-09-18,1261,,
2026-07-13T03:36:52.037868,ORY,NAT,2026-09-18,1362,,
2026-07-13T03:36:52.037870,ORY,NAT,2026-09-18,1630,,
2026-07-13T09:39:30.664295,ORY,NAT,2026-09-18,891,,
2026-07-13T09:39:30.664316,ORY,NAT,2026-09-18,891,,
2026-07-13T09:39:30.664320,ORY,NAT,2026-09-18,995,,
2026-07-13T09:39:30.664322,ORY,NAT,2026-09-18,1213,,
2026-07-13T09:39:30.664325,ORY,NAT,2026-09-18,1265,,
2026-07-13T09:39:30.664328,ORY,NAT,2026-09-18,1366,,
2026-07-13T09:39:30.664330,ORY,NAT,2026-09-18,1636,,
2026-07-13T14:49:55.151712,ORY,NAT,2026-09-18,890,,
2026-07-13T14:49:55.151733,ORY,NAT,2026-09-18,890,,
2026-07-13T14:49:55.151738,ORY,NAT,2026-09-18,993,,
2026-07-13T14:49:55.151740,ORY,NAT,2026-09-18,1211,,
2026-07-13T14:49:55.151743,ORY,NAT,2026-09-18,1263,,
2026-07-13T14:49:55.151746,ORY,NAT,2026-09-18,1364,,
2026-07-13T14:49:55.151748,ORY,NAT,2026-09-18,1634,,
2026-07-13T19:38:05.338632,ORY,NAT,2026-09-18,887,,
2026-07-13T19:38:05.338651,ORY,NAT,2026-09-18,887,,
2026-07-13T19:38:05.338656,ORY,NAT,2026-09-18,990,,
2026-07-13T19:38:05.338659,ORY,NAT,2026-09-18,1208,,
2026-07-13T19:38:05.338661,ORY,NAT,2026-09-18,1260,,
2026-07-13T19:38:05.338663,ORY,NAT,2026-09-18,1321,,
2026-07-13T19:38:05.338666,ORY,NAT,2026-09-18,1465,,
2026-07-14T03:12:22.534545,ORY,NAT,2026-09-18,888,,
2026-07-14T03:12:22.534571,ORY,NAT,2026-09-18,888,,
2026-07-14T03:12:22.534579,ORY,NAT,2026-09-18,991,,
2026-07-14T03:12:22.534585,ORY,NAT,2026-09-18,1208,,
2026-07-14T03:12:22.534590,ORY,NAT,2026-09-18,1261,,
2026-07-14T03:12:22.534596,ORY,NAT,2026-09-18,1322,,
2026-07-14T03:12:22.534601,ORY,NAT,2026-09-18,1466,,
2026-07-14T08:19:35.975826,ORY,NAT,2026-09-18,888,,
2026-07-14T08:19:35.975847,ORY,NAT,2026-09-18,888,,
2026-07-14T08:19:35.975851,ORY,NAT,2026-09-18,992,,
2026-07-14T08:19:35.975854,ORY,NAT,2026-09-18,1261,,
2026-07-14T08:19:35.975857,ORY,NAT,2026-09-18,1261,,
2026-07-14T08:19:35.975859,ORY,NAT,2026-09-18,1322,,
2026-07-14T08:19:35.975861,ORY,NAT,2026-09-18,1467,,
2026-07-14T13:59:33.108585,ORY,NAT,2026-09-18,889,,
2026-07-14T13:59:33.108606,ORY,NAT,2026-09-18,889,,
2026-07-14T13:59:33.108610,ORY,NAT,2026-09-18,992,,
2026-07-14T13:59:33.108613,ORY,NAT,2026-09-18,1210,,
2026-07-14T13:59:33.108616,ORY,NAT,2026-09-18,1262,,
2026-07-14T13:59:33.108618,ORY,NAT,2026-09-18,1323,,
2026-07-14T13:59:33.108621,ORY,NAT,2026-09-18,1468,,
2026-07-14T19:35:38.694552,ORY,NAT,2026-09-18,891,,
2026-07-14T19:35:38.694572,ORY,NAT,2026-09-18,891,,
2026-07-14T19:35:38.694577,ORY,NAT,2026-09-18,994,,
2026-07-14T19:35:38.694579,ORY,NAT,2026-09-18,1212,,
2026-07-14T19:35:38.694582,ORY,NAT,2026-09-18,1265,,
2026-07-14T19:35:38.694584,ORY,NAT,2026-09-18,1326,,
2026-07-14T19:35:38.694587,ORY,NAT,2026-09-18,1471,,
2026-07-15T02:56:07.048540,ORY,NAT,2026-09-18,892,,
2026-07-15T02:56:07.048560,ORY,NAT,2026-09-18,892,,
2026-07-15T02:56:07.048563,ORY,NAT,2026-09-18,995,,
2026-07-15T02:56:07.048564,ORY,NAT,2026-09-18,1214,,
2026-07-15T02:56:07.048566,ORY,NAT,2026-09-18,1266,,
2026-07-15T02:56:07.048567,ORY,NAT,2026-09-18,1328,,
2026-07-15T02:56:07.048569,ORY,NAT,2026-09-18,1472,,
2026-07-15T08:25:14.123971,ORY,NAT,2026-09-18,891,,
2026-07-15T08:25:14.123989,ORY,NAT,2026-09-18,994,,
2026-07-15T08:25:14.123994,ORY,NAT,2026-09-18,1212,,
2026-07-15T08:25:14.123996,ORY,NAT,2026-09-18,1264,,
2026-07-15T08:25:14.123999,ORY,NAT,2026-09-18,1326,,
2026-07-15T08:25:14.124001,ORY,NAT,2026-09-18,1470,,
2026-07-15T13:56:23.299427,ORY,NAT,2026-09-18,994,,
2026-07-15T13:56:23.299446,ORY,NAT,2026-09-18,1213,,
2026-07-15T13:56:23.299450,ORY,NAT,2026-09-18,1265,,
2026-07-15T13:56:23.299453,ORY,NAT,2026-09-18,1277,,
2026-07-15T13:56:23.299456,ORY,NAT,2026-09-18,1326,,
2026-07-15T13:56:23.299458,ORY,NAT,2026-09-18,1472,,
2026-07-15T19:21:29.012618,ORY,NAT,2026-09-18,998,,
2026-07-15T19:21:29.012641,ORY,NAT,2026-09-18,1072,,
2026-07-15T19:21:29.012646,ORY,NAT,2026-09-18,1089,,
2026-07-15T19:21:29.012649,ORY,NAT,2026-09-18,1217,,
2026-07-15T19:21:29.012651,ORY,NAT,2026-09-18,1270,,
2026-07-15T19:21:29.012654,ORY,NAT,2026-09-18,1282,,
2026-07-15T19:21:29.012656,ORY,NAT,2026-09-18,1332,,
2026-07-15T19:21:29.012658,ORY,NAT,2026-09-18,1477,,
2026-07-16T03:18:21.047771,ORY,NAT,2026-09-18,998,,
2026-07-16T03:18:21.047790,ORY,NAT,2026-09-18,1071,,
2026-07-16T03:18:21.047794,ORY,NAT,2026-09-18,1088,,
2026-07-16T03:18:21.047797,ORY,NAT,2026-09-18,1217,,
2026-07-16T03:18:21.047800,ORY,NAT,2026-09-18,1269,,
2026-07-16T03:18:21.047802,ORY,NAT,2026-09-18,1281,,
2026-07-16T03:18:21.047804,ORY,NAT,2026-09-18,1331,,
2026-07-16T03:18:21.047807,ORY,NAT,2026-09-18,1476,,
2026-07-16T08:24:25.235028,ORY,NAT,2026-09-18,997,,
2026-07-16T08:24:25.235047,ORY,NAT,2026-09-18,1071,,
2026-07-16T08:24:25.235051,ORY,NAT,2026-09-18,1088,,
2026-07-16T08:24:25.235054,ORY,NAT,2026-09-18,1216,,
2026-07-16T08:24:25.235057,ORY,NAT,2026-09-18,1269,,
2026-07-16T08:24:25.235059,ORY,NAT,2026-09-18,1281,,
2026-07-16T08:24:25.235061,ORY,NAT,2026-09-18,1331,,
2026-07-16T08:24:25.235064,ORY,NAT,2026-09-18,1476,,
2026-07-16T14:08:34.116753,ORY,NAT,2026-09-18,997,,
2026-07-16T14:08:34.116775,ORY,NAT,2026-09-18,1070,,
2026-07-16T14:08:34.116779,ORY,NAT,2026-09-18,1087,,
2026-07-16T14:08:34.116782,ORY,NAT,2026-09-18,1215,,
2026-07-16T14:08:34.116784,ORY,NAT,2026-09-18,1268,,
2026-07-16T14:08:34.116786,ORY,NAT,2026-09-18,1280,,
2026-07-16T14:08:34.116788,ORY,NAT,2026-09-18,1329,,
2026-07-16T14:08:34.116790,ORY,NAT,2026-09-18,1475,,
2026-07-16T19:21:54.650737,ORY,NAT,2026-09-18,995,,
2026-07-16T19:21:54.650759,ORY,NAT,2026-09-18,1214,,
2026-07-16T19:21:54.650764,ORY,NAT,2026-09-18,1266,,
2026-07-16T19:21:54.650767,ORY,NAT,2026-09-18,1278,,
2026-07-16T19:21:54.650770,ORY,NAT,2026-09-18,1328,,
2026-07-16T19:21:54.650772,ORY,NAT,2026-09-18,1473,,
2026-07-17T03:21:13.412937,ORY,NAT,2026-09-18,995,,
2026-07-17T03:21:13.412956,ORY,NAT,2026-09-18,1214,,
2026-07-17T03:21:13.412961,ORY,NAT,2026-09-18,1266,,
2026-07-17T03:21:13.412964,ORY,NAT,2026-09-18,1278,,
2026-07-17T03:21:13.412966,ORY,NAT,2026-09-18,1328,,
2026-07-17T03:21:13.412969,ORY,NAT,2026-09-18,1473,,
2026-07-17T08:20:27.945225,ORY,NAT,2026-09-18,996,,
2026-07-17T08:20:27.945245,ORY,NAT,2026-09-18,1214,,
2026-07-17T08:20:27.945249,ORY,NAT,2026-09-18,1267,,
2026-07-17T08:20:27.945252,ORY,NAT,2026-09-18,1279,,
2026-07-17T08:20:27.945255,ORY,NAT,2026-09-18,1368,,
2026-07-17T08:20:27.945257,ORY,NAT,2026-09-18,1474,,
2026-07-17T13:52:04.663592,ORY,NAT,2026-09-18,995,,
2026-07-17T13:52:04.663611,ORY,NAT,2026-09-18,1060,,
2026-07-17T13:52:04.663615,ORY,NAT,2026-09-18,1213,,
2026-07-17T13:52:04.663618,ORY,NAT,2026-09-18,1265,,
2026-07-17T13:52:04.663620,ORY,NAT,2026-09-18,1278,,
2026-07-17T13:52:04.663622,ORY,NAT,2026-09-18,1355,,
2026-07-17T13:52:04.663625,ORY,NAT,2026-09-18,1472,,
2026-07-17T19:19:37.045201,ORY,NAT,2026-09-18,995,,
2026-07-17T19:19:37.045220,ORY,NAT,2026-09-18,1213,,
2026-07-17T19:19:37.045225,ORY,NAT,2026-09-18,1266,,
2026-07-17T19:19:37.045227,ORY,NAT,2026-09-18,1278,,
2026-07-17T19:19:37.045230,ORY,NAT,2026-09-18,1367,,
2026-07-17T19:19:37.045232,ORY,NAT,2026-09-18,1473,,
2026-07-18T02:57:19.625833,ORY,NAT,2026-09-18,995,,
2026-07-18T02:57:19.625852,ORY,NAT,2026-09-18,1214,,
2026-07-18T02:57:19.625857,ORY,NAT,2026-09-18,1266,,
2026-07-18T02:57:19.625860,ORY,NAT,2026-09-18,1278,,
2026-07-18T02:57:19.625862,ORY,NAT,2026-09-18,1368,,
2026-07-18T02:57:19.625865,ORY,NAT,2026-09-18,1473,,
2026-07-18T08:02:12.108742,ORY,NAT,2026-09-18,995,,
2026-07-18T08:02:12.108769,ORY,NAT,2026-09-18,1085,,
2026-07-18T08:02:12.108774,ORY,NAT,2026-09-18,1214,,
2026-07-18T08:02:12.108777,ORY,NAT,2026-09-18,1266,,
2026-07-18T08:02:12.108779,ORY,NAT,2026-09-18,1278,,
2026-07-18T08:02:12.108782,ORY,NAT,2026-09-18,1367,,
2026-07-18T08:02:12.108784,ORY,NAT,2026-09-18,1473,,
2026-07-18T13:36:03.708665,ORY,NAT,2026-09-18,995,,
2026-07-18T13:36:03.708683,ORY,NAT,2026-09-18,1086,,
2026-07-18T13:36:03.708688,ORY,NAT,2026-09-18,1214,,
2026-07-18T13:36:03.708691,ORY,NAT,2026-09-18,1266,,
2026-07-18T13:36:03.708693,ORY,NAT,2026-09-18,1278,,
2026-07-18T13:36:03.708696,ORY,NAT,2026-09-18,1368,,
2026-07-18T13:36:03.708698,ORY,NAT,2026-09-18,1473,,
2026-07-18T19:12:58.427980,ORY,NAT,2026-09-18,995,,
2026-07-18T19:12:58.427999,ORY,NAT,2026-09-18,1086,,
2026-07-18T19:12:58.428004,ORY,NAT,2026-09-18,1214,,
2026-07-18T19:12:58.428006,ORY,NAT,2026-09-18,1266,,
2026-07-18T19:12:58.428009,ORY,NAT,2026-09-18,1278,,
2026-07-18T19:12:58.428011,ORY,NAT,2026-09-18,1368,,
2026-07-18T19:12:58.428014,ORY,NAT,2026-09-18,1473,,
2026-07-19T03:31:58.749227,ORY,NAT,2026-09-18,995,,
2026-07-19T03:31:58.749245,ORY,NAT,2026-09-18,1086,,
2026-07-19T03:31:58.749249,ORY,NAT,2026-09-18,1214,,
2026-07-19T03:31:58.749252,ORY,NAT,2026-09-18,1266,,
2026-07-19T03:31:58.749255,ORY,NAT,2026-09-18,1278,,
2026-07-19T03:31:58.749257,ORY,NAT,2026-09-18,1368,,
2026-07-19T03:31:58.749259,ORY,NAT,2026-09-18,1473,,
2026-07-19T08:27:47.060184,ORY,NAT,2026-09-18,995,,
2026-07-19T08:27:47.060206,ORY,NAT,2026-09-18,1086,,
2026-07-19T08:27:47.060210,ORY,NAT,2026-09-18,1214,,
2026-07-19T08:27:47.060213,ORY,NAT,2026-09-18,1278,,
2026-07-19T08:27:47.060215,ORY,NAT,2026-09-18,1335,,
2026-07-19T08:27:47.060218,ORY,NAT,2026-09-18,1368,,
2026-07-19T08:27:47.060220,ORY,NAT,2026-09-18,1473,,
2026-07-19T19:14:50.792874,ORY,NAT,2026-09-18,995,,
2026-07-19T19:14:50.792894,ORY,NAT,2026-09-18,1086,,
2026-07-19T19:14:50.792898,ORY,NAT,2026-09-18,1214,,
2026-07-19T19:14:50.792901,ORY,NAT,2026-09-18,1278,,
2026-07-19T19:14:50.792904,ORY,NAT,2026-09-18,1335,,
2026-07-19T19:14:50.792906,ORY,NAT,2026-09-18,1368,,
2026-07-19T19:14:50.792908,ORY,NAT,2026-09-18,1473,,
2026-07-20T03:44:32.531046,ORY,NAT,2026-09-18,996,,
2026-07-20T03:44:32.531063,ORY,NAT,2026-09-18,1086,,
2026-07-20T03:44:32.531068,ORY,NAT,2026-09-18,1214,,
2026-07-20T03:44:32.531071,ORY,NAT,2026-09-18,1279,,
2026-07-20T03:44:32.531073,ORY,NAT,2026-09-18,1335,,
2026-07-20T03:44:32.531076,ORY,NAT,2026-09-18,1368,,
2026-07-20T03:44:32.531078,ORY,NAT,2026-09-18,1473,,
2026-07-20T09:27:26.757319,ORY,NAT,2026-09-18,995,,
2026-07-20T09:27:26.757338,ORY,NAT,2026-09-18,1085,,
2026-07-20T09:27:26.757341,ORY,NAT,2026-09-18,1213,,
2026-07-20T09:27:26.757343,ORY,NAT,2026-09-18,1278,,
2026-07-20T09:27:26.757345,ORY,NAT,2026-09-18,1334,,
2026-07-20T09:27:26.757346,ORY,NAT,2026-09-18,1367,,
2026-07-20T09:27:26.757348,ORY,NAT,2026-09-18,1472,,
2026-07-20T14:21:50.291745,ORY,NAT,2026-09-18,993,,
2026-07-20T14:21:50.291764,ORY,NAT,2026-09-18,1083,,
2026-07-20T14:21:50.291769,ORY,NAT,2026-09-18,1211,,
2026-07-20T14:21:50.291772,ORY,NAT,2026-09-18,1276,,
2026-07-20T14:21:50.291774,ORY,NAT,2026-09-18,1332,,
2026-07-20T14:21:50.291777,ORY,NAT,2026-09-18,1365,,
2026-07-20T14:21:50.291779,ORY,NAT,2026-09-18,1470,,
2026-07-20T19:49:58.558782,ORY,NAT,2026-09-18,993,,
2026-07-20T19:49:58.558800,ORY,NAT,2026-09-18,1066,,
2026-07-20T19:49:58.558805,ORY,NAT,2026-09-18,1211,,
2026-07-20T19:49:58.558808,ORY,NAT,2026-09-18,1263,,
2026-07-20T19:49:58.558810,ORY,NAT,2026-09-18,1332,,
2026-07-20T19:49:58.558812,ORY,NAT,2026-09-18,1365,,
2026-07-20T19:49:58.558815,ORY,NAT,2026-09-18,1634,,
2026-07-21T03:23:57.497016,ORY,NAT,2026-09-18,993,,
2026-07-21T03:23:57.497036,ORY,NAT,2026-09-18,1066,,
2026-07-21T03:23:57.497040,ORY,NAT,2026-09-18,1211,,
2026-07-21T03:23:57.497043,ORY,NAT,2026-09-18,1263,,
2026-07-21T03:23:57.497045,ORY,NAT,2026-09-18,1331,,
2026-07-21T03:23:57.497048,ORY,NAT,2026-09-18,1364,,
2026-07-21T03:23:57.497050,ORY,NAT,2026-09-18,1634,,
2026-07-21T08:38:18.822693,ORY,NAT,2026-09-18,994,,
2026-07-21T08:38:18.822713,ORY,NAT,2026-09-18,1067,,
2026-07-21T08:38:18.822717,ORY,NAT,2026-09-18,1212,,
2026-07-21T08:38:18.822720,ORY,NAT,2026-09-18,1264,,
2026-07-21T08:38:18.822722,ORY,NAT,2026-09-18,1333,,
2026-07-21T08:38:18.822725,ORY,NAT,2026-09-18,1366,,
2026-07-21T08:38:18.822727,ORY,NAT,2026-09-18,1635,,
2026-07-21T14:08:15.465245,ORY,NAT,2026-09-18,993,,
2026-07-21T14:08:15.465266,ORY,NAT,2026-09-18,1211,,
2026-07-21T14:08:15.465271,ORY,NAT,2026-09-18,1264,,
2026-07-21T14:08:15.465273,ORY,NAT,2026-09-18,1332,,
2026-07-21T14:08:15.465276,ORY,NAT,2026-09-18,1365,,
2026-07-21T14:08:15.465278,ORY,NAT,2026-09-18,1635,,
2026-07-21T19:40:57.000732,ORY,NAT,2026-09-18,992,,
2026-07-21T19:40:57.000754,ORY,NAT,2026-09-18,1082,,
2026-07-21T19:40:57.000758,ORY,NAT,2026-09-18,1210,,
2026-07-21T19:40:57.000761,ORY,NAT,2026-09-18,1262,,
2026-07-21T19:40:57.000764,ORY,NAT,2026-09-18,1330,,
2026-07-21T19:40:57.000766,ORY,NAT,2026-09-18,1363,,
2026-07-21T19:40:57.000768,ORY,NAT,2026-09-18,1632,,
2026-07-22T03:22:34.354427,ORY,NAT,2026-09-18,992,,
2026-07-22T03:22:34.354446,ORY,NAT,2026-09-18,1082,,
2026-07-22T03:22:34.354451,ORY,NAT,2026-09-18,1210,,
2026-07-22T03:22:34.354454,ORY,NAT,2026-09-18,1262,,
2026-07-22T03:22:34.354456,ORY,NAT,2026-09-18,1331,,
2026-07-22T03:22:34.354458,ORY,NAT,2026-09-18,1364,,
2026-07-22T03:22:34.354461,ORY,NAT,2026-09-18,1633,,
2026-07-22T08:37:56.959441,ORY,NAT,2026-09-18,992,,
2026-07-22T08:37:56.959460,ORY,NAT,2026-09-18,1093,,
2026-07-22T08:37:56.959464,ORY,NAT,2026-09-18,1210,,
2026-07-22T08:37:56.959467,ORY,NAT,2026-09-18,1262,,
2026-07-22T08:37:56.959470,ORY,NAT,2026-09-18,1275,,
2026-07-22T08:37:56.959472,ORY,NAT,2026-09-18,1364,,
2026-07-22T08:37:56.959474,ORY,NAT,2026-09-18,1633,,
2026-07-22T14:10:33.836884,ORY,NAT,2026-09-18,993,,
2026-07-22T14:10:33.836904,ORY,NAT,2026-09-18,1094,,
2026-07-22T14:10:33.836909,ORY,NAT,2026-09-18,1211,,
2026-07-22T14:10:33.836911,ORY,NAT,2026-09-18,1263,,
2026-07-22T14:10:33.836914,ORY,NAT,2026-09-18,1275,,
2026-07-22T14:10:33.836916,ORY,NAT,2026-09-18,1364,,
2026-07-22T14:10:33.836918,ORY,NAT,2026-09-18,1634,,
2026-07-22T19:35:48.589767,ORY,NAT,2026-09-18,993,,
2026-07-22T19:35:48.589788,ORY,NAT,2026-09-18,1094,,
2026-07-22T19:35:48.589795,ORY,NAT,2026-09-18,1211,,
2026-07-22T19:35:48.589801,ORY,NAT,2026-09-18,1263,,
2026-07-22T19:35:48.589806,ORY,NAT,2026-09-18,1275,,
2026-07-22T19:35:48.589810,ORY,NAT,2026-09-18,1364,,
2026-07-22T19:35:48.589815,ORY,NAT,2026-09-18,1634,,
2026-07-23T03:29:25.852180,ORY,NAT,2026-09-18,994,,
2026-07-23T03:29:25.852201,ORY,NAT,2026-09-18,1095,,
2026-07-23T03:29:25.852206,ORY,NAT,2026-09-18,1212,,
2026-07-23T03:29:25.852208,ORY,NAT,2026-09-18,1265,,
2026-07-23T03:29:25.852211,ORY,NAT,2026-09-18,1277,,
2026-07-23T03:29:25.852213,ORY,NAT,2026-09-18,1366,,
2026-07-23T03:29:25.852216,ORY,NAT,2026-09-18,1636,,
2026-07-23T08:39:41.548282,ORY,NAT,2026-09-18,994,,
2026-07-23T08:39:41.548304,ORY,NAT,2026-09-18,1095,,
2026-07-23T08:39:41.548308,ORY,NAT,2026-09-18,1264,,
2026-07-23T08:39:41.548310,ORY,NAT,2026-09-18,1277,,
2026-07-23T08:39:41.548312,ORY,NAT,2026-09-18,1366,,
2026-07-23T08:39:41.548314,ORY,NAT,2026-09-18,1635,,
2026-07-23T14:20:52.552506,ORY,NAT,2026-09-18,989,,
2026-07-23T14:20:52.552532,ORY,NAT,2026-09-18,1090,,
2026-07-23T14:20:52.552537,ORY,NAT,2026-09-18,1258,,
2026-07-23T14:20:52.552540,ORY,NAT,2026-09-18,1271,,
2026-07-23T14:20:52.552542,ORY,NAT,2026-09-18,1359,,
2026-07-23T14:20:52.552545,ORY,NAT,2026-09-18,1628,,
2026-07-23T19:35:16.120732,ORY,NAT,2026-09-18,990,,
2026-07-23T19:35:16.120751,ORY,NAT,2026-09-18,1091,,
2026-07-23T19:35:16.120755,ORY,NAT,2026-09-18,1259,,
2026-07-23T19:35:16.120757,ORY,NAT,2026-09-18,1271,,
2026-07-23T19:35:16.120760,ORY,NAT,2026-09-18,1360,,
2026-07-23T19:35:16.120762,ORY,NAT,2026-09-18,1629,,
2026-07-24T03:23:59.613950,ORY,NAT,2026-09-18,990,,
2026-07-24T03:23:59.613969,ORY,NAT,2026-09-18,1091,,
2026-07-24T03:23:59.613974,ORY,NAT,2026-09-18,1259,,
2026-07-24T03:23:59.613977,ORY,NAT,2026-09-18,1272,,
2026-07-24T03:23:59.613979,ORY,NAT,2026-09-18,1361,,
2026-07-24T03:23:59.613982,ORY,NAT,2026-09-18,1629,,
2026-07-24T08:35:26.951813,ORY,NAT,2026-09-18,991,,
2026-07-24T08:35:26.951834,ORY,NAT,2026-09-18,1092,,
2026-07-24T08:35:26.951838,ORY,NAT,2026-09-18,1208,,
2026-07-24T08:35:26.951841,ORY,NAT,2026-09-18,1261,,
2026-07-24T08:35:26.951844,ORY,NAT,2026-09-18,1273,,
2026-07-24T08:35:26.951846,ORY,NAT,2026-09-18,1362,,
2026-07-24T08:35:26.951849,ORY,NAT,2026-09-18,1630,,
2026-07-24T13:58:42.687023,ORY,NAT,2026-09-18,989,,
2026-07-24T13:58:42.687042,ORY,NAT,2026-09-18,1090,,
2026-07-24T13:58:42.687046,ORY,NAT,2026-09-18,1206,,
2026-07-24T13:58:42.687049,ORY,NAT,2026-09-18,1258,,
2026-07-24T13:58:42.687051,ORY,NAT,2026-09-18,1270,,
2026-07-24T13:58:42.687053,ORY,NAT,2026-09-18,1359,,
2026-07-24T13:58:42.687056,ORY,NAT,2026-09-18,1627,,
2026-07-24T19:39:08.804773,ORY,NAT,2026-09-18,989,,
2026-07-24T19:39:08.804793,ORY,NAT,2026-09-18,1090,,
2026-07-24T19:39:08.804796,ORY,NAT,2026-09-18,1207,,
2026-07-24T19:39:08.804798,ORY,NAT,2026-09-18,1271,,
2026-07-24T19:39:08.804800,ORY,NAT,2026-09-18,1327,,
2026-07-24T19:39:08.804802,ORY,NAT,2026-09-18,1360,,
2026-07-24T19:39:08.804804,ORY,NAT,2026-09-18,1628,,
2026-07-25T03:21:41.424095,ORY,NAT,2026-09-18,990,,
2026-07-25T03:21:41.424116,ORY,NAT,2026-09-18,1091,,
2026-07-25T03:21:41.424120,ORY,NAT,2026-09-18,1207,,
2026-07-25T03:21:41.424123,ORY,NAT,2026-09-18,1271,,
2026-07-25T03:21:41.424126,ORY,NAT,2026-09-18,1328,,
2026-07-25T03:21:41.424128,ORY,NAT,2026-09-18,1360,,
2026-07-25T03:21:41.424130,ORY,NAT,2026-09-18,1629,,
2026-07-25T08:16:16.020976,ORY,NAT,2026-09-18,990,,
2026-07-25T08:16:16.021001,ORY,NAT,2026-09-18,1055,,
2026-07-25T08:16:16.021005,ORY,NAT,2026-09-18,1091,,
2026-07-25T08:16:16.021008,ORY,NAT,2026-09-18,1207,,
2026-07-25T08:16:16.021010,ORY,NAT,2026-09-18,1259,,
2026-07-25T08:16:16.021013,ORY,NAT,2026-09-18,1271,,
2026-07-25T08:16:16.021015,ORY,NAT,2026-09-18,1360,,
2026-07-25T08:16:16.021017,ORY,NAT,2026-09-18,1629,,
2026-07-25T13:49:06.790877,ORY,NAT,2026-09-18,990,,
2026-07-25T13:49:06.790897,ORY,NAT,2026-09-18,1091,,
2026-07-25T13:49:06.790900,ORY,NAT,2026-09-18,1093,,
2026-07-25T13:49:06.790903,ORY,NAT,2026-09-18,1093,,
2026-07-25T13:49:06.790904,ORY,NAT,2026-09-18,1207,,
2026-07-25T13:49:06.790906,ORY,NAT,2026-09-18,1259,,
2026-07-25T13:49:06.790908,ORY,NAT,2026-09-18,1271,,
2026-07-25T13:49:06.790910,ORY,NAT,2026-09-18,1360,,
2026-07-25T13:49:06.790912,ORY,NAT,2026-09-18,1629,,
2026-07-25T19:17:31.299636,ORY,NAT,2026-09-18,990,,
2026-07-25T19:17:31.299656,ORY,NAT,2026-09-18,1091,,
2026-07-25T19:17:31.299661,ORY,NAT,2026-09-18,1093,,
2026-07-25T19:17:31.299664,ORY,NAT,2026-09-18,1093,,
2026-07-25T19:17:31.299666,ORY,NAT,2026-09-18,1207,,
2026-07-25T19:17:31.299669,ORY,NAT,2026-09-18,1259,,
2026-07-25T19:17:31.299671,ORY,NAT,2026-09-18,1271,,
2026-07-25T19:17:31.299673,ORY,NAT,2026-09-18,1360,,
2026-07-25T19:17:31.299675,ORY,NAT,2026-09-18,1629,,
2026-07-26T03:35:53.985885,ORY,NAT,2026-09-18,990,,
2026-07-26T03:35:53.985905,ORY,NAT,2026-09-18,1055,,
2026-07-26T03:35:53.985909,ORY,NAT,2026-09-18,1091,,
2026-07-26T03:35:53.985912,ORY,NAT,2026-09-18,1207,,
2026-07-26T03:35:53.985914,ORY,NAT,2026-09-18,1271,,
2026-07-26T03:35:53.985917,ORY,NAT,2026-09-18,1360,,
2026-07-26T03:35:53.985919,ORY,NAT,2026-09-18,1469,,
2026-07-26T03:35:53.985921,ORY,NAT,2026-09-18,1629,,
2026-07-26T08:34:53.689882,ORY,NAT,2026-09-18,990,,
2026-07-26T08:34:53.689902,ORY,NAT,2026-09-18,1090,,
2026-07-26T08:34:53.689906,ORY,NAT,2026-09-18,1093,,
2026-07-26T08:34:53.689909,ORY,NAT,2026-09-18,1207,,
2026-07-26T08:34:53.689911,ORY,NAT,2026-09-18,1271,,
2026-07-26T08:34:53.689914,ORY,NAT,2026-09-18,1360,,
2026-07-26T08:34:53.689916,ORY,NAT,2026-09-18,1468,,
2026-07-26T08:34:53.689918,ORY,NAT,2026-09-18,1628,,
2026-07-26T19:20:27.009140,ORY,NAT,2026-09-18,991,,
2026-07-26T19:20:27.009161,ORY,NAT,2026-09-18,1092,,
2026-07-26T19:20:27.009165,ORY,NAT,2026-09-18,1094,,
2026-07-26T19:20:27.009168,ORY,NAT,2026-09-18,1208,,
2026-07-26T19:20:27.009170,ORY,NAT,2026-09-18,1273,,
2026-07-26T19:20:27.009173,ORY,NAT,2026-09-18,1362,,
2026-07-26T19:20:27.009175,ORY,NAT,2026-09-18,1470,,
2026-07-26T19:20:27.009177,ORY,NAT,2026-09-18,1630,,
2026-07-27T03:44:14.463028,ORY,NAT,2026-09-18,992,,
2026-07-27T03:44:14.463048,ORY,NAT,2026-09-18,1058,,
2026-07-27T03:44:14.463053,ORY,NAT,2026-09-18,1093,,
2026-07-27T03:44:14.463056,ORY,NAT,2026-09-18,1210,,
2026-07-27T03:44:14.463058,ORY,NAT,2026-09-18,1275,,
2026-07-27T03:44:14.463061,ORY,NAT,2026-09-18,1364,,
2026-07-27T03:44:14.463063,ORY,NAT,2026-09-18,1472,,
2026-07-27T03:44:14.463066,ORY,NAT,2026-09-18,1633,,
2026-07-27T10:02:23.170874,ORY,NAT,2026-09-18,992,,
2026-07-27T10:02:23.170893,ORY,NAT,2026-09-18,1093,,
2026-07-27T10:02:23.170898,ORY,NAT,2026-09-18,1095,,
2026-07-27T10:02:23.170900,ORY,NAT,2026-09-18,1095,,
2026-07-27T10:02:23.170903,ORY,NAT,2026-09-18,1210,,
2026-07-27T10:02:23.170905,ORY,NAT,2026-09-18,1274,,
2026-07-27T10:02:23.170908,ORY,NAT,2026-09-18,1363,,
2026-07-27T10:02:23.170910,ORY,NAT,2026-09-18,1471,,
2026-07-27T10:02:23.170912,ORY,NAT,2026-09-18,1632,,
2026-07-27T19:44:01.580818,ORY,NAT,2026-09-18,989,,
2026-07-27T19:44:01.580838,ORY,NAT,2026-09-18,1090,,
2026-07-27T19:44:01.580842,ORY,NAT,2026-09-18,1206,,
2026-07-27T19:44:01.580845,ORY,NAT,2026-09-18,1271,,
2026-07-27T19:44:01.580848,ORY,NAT,2026-09-18,1359,,
2026-07-27T19:44:01.580850,ORY,NAT,2026-09-18,1467,,
2026-07-27T19:44:01.580852,ORY,NAT,2026-09-18,1628,,
2026-07-28T03:15:22.809809,ORY,NAT,2026-09-18,990,,
2026-07-28T03:15:22.809830,ORY,NAT,2026-09-18,1090,,
2026-07-28T03:15:22.809835,ORY,NAT,2026-09-18,1207,,
2026-07-28T03:15:22.809838,ORY,NAT,2026-09-18,1271,,
2026-07-28T03:15:22.809840,ORY,NAT,2026-09-18,1360,,
2026-07-28T03:15:22.809843,ORY,NAT,2026-09-18,1468,,
2026-07-28T03:15:22.809845,ORY,NAT,2026-09-18,1628,,
2026-07-28T08:45:08.276850,ORY,NAT,2026-09-18,989,,
2026-07-28T08:45:08.276870,ORY,NAT,2026-09-18,1079,,
2026-07-28T08:45:08.276875,ORY,NAT,2026-09-18,1270,,
2026-07-28T08:45:08.276878,ORY,NAT,2026-09-18,1359,,
2026-07-28T08:45:08.276880,ORY,NAT,2026-09-18,1467,,
2026-07-28T08:45:08.276883,ORY,NAT,2026-09-18,1627,,
2026-07-28T14:24:44.693634,ORY,NAT,2026-09-18,990,,
2026-07-28T14:24:44.693653,ORY,NAT,2026-09-18,1080,,
2026-07-28T14:24:44.693657,ORY,NAT,2026-09-18,1271,,
2026-07-28T14:24:44.693660,ORY,NAT,2026-09-18,1360,,
2026-07-28T14:24:44.693663,ORY,NAT,2026-09-18,1468,,
2026-07-28T14:24:44.693665,ORY,NAT,2026-09-18,1629,,
2026-07-28T19:41:29.340261,ORY,NAT,2026-09-18,991,,
2026-07-28T19:41:29.340301,ORY,NAT,2026-09-18,1009,,
2026-07-28T19:41:29.340305,ORY,NAT,2026-09-18,1273,,
2026-07-28T19:41:29.340308,ORY,NAT,2026-09-18,1362,,
2026-07-28T19:41:29.340311,ORY,NAT,2026-09-18,1470,,
2026-07-28T19:41:29.340313,ORY,NAT,2026-09-18,1470,,
2026-07-28T19:41:29.340315,ORY,NAT,2026-09-18,1631,,
2026-07-29T03:18:55.212098,ORY,NAT,2026-09-18,992,,
2026-07-29T03:18:55.212117,ORY,NAT,2026-09-18,1082,,
2026-07-29T03:18:55.212120,ORY,NAT,2026-09-18,1274,,
2026-07-29T03:18:55.212122,ORY,NAT,2026-09-18,1363,,
2026-07-29T03:18:55.212124,ORY,NAT,2026-09-18,1471,,
2026-07-29T03:18:55.212126,ORY,NAT,2026-09-18,1471,,
2026-07-29T03:18:55.212127,ORY,NAT,2026-09-18,1632,,
2026-07-29T08:49:44.042938,ORY,NAT,2026-09-18,992,,
2026-07-29T08:49:44.042955,ORY,NAT,2026-09-18,1082,,
2026-07-29T08:49:44.042959,ORY,NAT,2026-09-18,1209,,
2026-07-29T08:49:44.042962,ORY,NAT,2026-09-18,1274,,
2026-07-29T08:49:44.042964,ORY,NAT,2026-09-18,1363,,
2026-07-29T08:49:44.042966,ORY,NAT,2026-09-18,1471,,
2026-07-29T08:49:44.042969,ORY,NAT,2026-09-18,1471,,
2026-07-29T08:49:44.042971,ORY,NAT,2026-09-18,1632,,
2026-07-29T14:23:46.806968,ORY,NAT,2026-09-18,991,,
2026-07-29T14:23:46.806987,ORY,NAT,2026-09-18,1081,,
2026-07-29T14:23:46.806991,ORY,NAT,2026-09-18,1208,,
2026-07-29T14:23:46.806994,ORY,NAT,2026-09-18,1273,,
2026-07-29T14:23:46.806996,ORY,NAT,2026-09-18,1362,,
2026-07-29T14:23:46.806999,ORY,NAT,2026-09-18,1470,,
2026-07-29T14:23:46.807001,ORY,NAT,2026-09-18,1470,,
2026-07-29T14:23:46.807003,ORY,NAT,2026-09-18,1630,,
2026-07-29T19:26:40.492433,ORY,NAT,2026-09-18,996,,
2026-07-29T19:26:40.492452,ORY,NAT,2026-09-18,1086,,
2026-07-29T19:26:40.492457,ORY,NAT,2026-09-18,1166,,
2026-07-29T19:26:40.492459,ORY,NAT,2026-09-18,1214,,
2026-07-29T19:26:40.492462,ORY,NAT,2026-09-18,1279,,
2026-07-29T19:26:40.492464,ORY,NAT,2026-09-18,1369,,
2026-07-29T19:26:40.492467,ORY,NAT,2026-09-18,1477,,
2026-07-29T19:26:40.492469,ORY,NAT,2026-09-18,1639,,
2026-07-30T02:51:14.020857,ORY,NAT,2026-09-18,997,,
2026-07-30T02:51:14.020876,ORY,NAT,2026-09-18,1087,,
2026-07-30T02:51:14.020880,ORY,NAT,2026-09-18,1167,,
2026-07-30T02:51:14.020882,ORY,NAT,2026-09-18,1215,,
2026-07-30T02:51:14.020884,ORY,NAT,2026-09-18,1280,,
2026-07-30T02:51:14.020886,ORY,NAT,2026-09-18,1369,,
2026-07-30T02:51:14.020888,ORY,NAT,2026-09-18,1478,,
2026-07-30T02:51:14.020889,ORY,NAT,2026-09-18,1640,,
2026-07-30T08:38:32.989172,ORY,NAT,2026-09-18,996,,
2026-07-30T08:38:32.989192,ORY,NAT,2026-09-18,1013,,
2026-07-30T08:38:32.989197,ORY,NAT,2026-09-18,1086,,
2026-07-30T08:38:32.989199,ORY,NAT,2026-09-18,1166,,
2026-07-30T08:38:32.989202,ORY,NAT,2026-09-18,1214,,
2026-07-30T08:38:32.989204,ORY,NAT,2026-09-18,1279,,
2026-07-30T08:38:32.989207,ORY,NAT,2026-09-18,1368,,
2026-07-30T08:38:32.989209,ORY,NAT,2026-09-18,1369,,
2026-07-30T08:38:32.989211,ORY,NAT,2026-09-18,1639,,
2026-07-30T14:19:42.764700,ORY,NAT,2026-09-18,1003,,
2026-07-30T14:19:42.764719,ORY,NAT,2026-09-18,1094,,
2026-07-30T14:19:42.764724,ORY,NAT,2026-09-18,1174,,
2026-07-30T14:19:42.764726,ORY,NAT,2026-09-18,1223,,
2026-07-30T14:19:42.764729,ORY,NAT,2026-09-18,1289,,
2026-07-30T14:19:42.764731,ORY,NAT,2026-09-18,1378,,
2026-07-30T14:19:42.764733,ORY,NAT,2026-09-18,1379,,
2026-07-30T14:19:42.764736,ORY,NAT,2026-09-18,1651,,
2026-07-31T03:34:12.769495,ORY,NAT,2026-09-18,898,,
2026-07-31T03:34:12.769516,ORY,NAT,2026-09-18,1002,,
2026-07-31T03:34:12.769520,ORY,NAT,2026-09-18,1103,,
2026-07-31T03:34:12.769522,ORY,NAT,2026-09-18,1221,,
2026-07-31T03:34:12.769525,ORY,NAT,2026-09-18,1286,,
2026-07-31T03:34:12.769528,ORY,NAT,2026-09-18,1376,,
2026-07-31T03:34:12.769530,ORY,NAT,2026-09-18,1648,,
2026-07-31T09:10:31.764301,ORY,NAT,2026-09-18,1002,,
2026-07-31T09:10:31.764324,ORY,NAT,2026-09-18,1093,,
2026-07-31T09:10:31.764328,ORY,NAT,2026-09-18,1104,,
2026-07-31T09:10:31.764331,ORY,NAT,2026-09-18,1242,,
2026-07-31T09:10:31.764334,ORY,NAT,2026-09-18,1287,,
2026-07-31T09:10:31.764336,ORY,NAT,2026-09-18,1377,,
2026-07-31T09:10:31.764339,ORY,NAT,2026-09-18,1486,,
2026-07-31T09:10:31.764341,ORY,NAT,2026-09-18,1648,,
2026-07-31T19:43:43.050839,ORY,NAT,2026-09-18,1003,,
2026-07-31T19:43:43.050859,ORY,NAT,2026-09-18,1069,,
2026-07-31T19:43:43.050864,ORY,NAT,2026-09-18,1094,,
2026-07-31T19:43:43.050866,ORY,NAT,2026-09-18,1244,,
2026-07-31T19:43:43.050869,ORY,NAT,2026-09-18,1289,,
2026-07-31T19:43:43.050871,ORY,NAT,2026-09-18,1345,,
2026-07-31T19:43:43.050873,ORY,NAT,2026-09-18,1379,,
2026-07-31T19:43:43.050876,ORY,NAT,2026-09-18,1651,,
2026-08-01T03:33:49.909843,ORY,NAT,2026-09-18,1004,,
2026-08-01T03:33:49.909862,ORY,NAT,2026-09-18,1108,,
2026-08-01T03:33:49.909866,ORY,NAT,2026-09-18,1175,,
2026-08-01T03:33:49.909869,ORY,NAT,2026-09-18,1244,,
2026-08-01T03:33:49.909872,ORY,NAT,2026-09-18,1289,,
2026-08-01T03:33:49.909874,ORY,NAT,2026-09-18,1346,,
2026-08-01T03:33:49.909877,ORY,NAT,2026-09-18,1379,,
2026-08-01T03:33:49.909879,ORY,NAT,2026-09-18,1652,,
2026-08-01T08:29:18.227629,ORY,NAT,2026-09-18,1004,,
2026-08-01T08:29:18.227651,ORY,NAT,2026-09-18,1108,,
2026-08-01T08:29:18.227656,ORY,NAT,2026-09-18,1175,,
2026-08-01T08:29:18.227659,ORY,NAT,2026-09-18,1244,,
2026-08-01T08:29:18.227661,ORY,NAT,2026-09-18,1289,,
2026-08-01T08:29:18.227663,ORY,NAT,2026-09-18,1346,,
2026-08-01T08:29:18.227666,ORY,NAT,2026-09-18,1379,,
2026-08-01T08:29:18.227668,ORY,NAT,2026-09-18,1652,,
2026-08-01T13:41:53.789459,ORY,NAT,2026-09-18,1004,,
2026-08-01T13:41:53.789480,ORY,NAT,2026-09-18,1108,,
2026-08-01T13:41:53.789484,ORY,NAT,2026-09-18,1176,,
2026-08-01T13:41:53.789488,ORY,NAT,2026-09-18,1247,,
2026-08-01T13:41:53.789490,ORY,NAT,2026-09-18,1289,,
2026-08-01T13:41:53.789492,ORY,NAT,2026-09-18,1346,,
2026-08-01T13:41:53.789495,ORY,NAT,2026-09-18,1379,,
2026-08-01T13:41:53.789497,ORY,NAT,2026-09-18,1652,,
2026-08-01T19:18:33.793921,ORY,NAT,2026-09-18,1004,,
2026-08-01T19:18:33.793938,ORY,NAT,2026-09-18,1108,,
2026-08-01T19:18:33.793942,ORY,NAT,2026-09-18,1176,,
2026-08-01T19:18:33.793945,ORY,NAT,2026-09-18,1247,,
2026-08-01T19:18:33.793948,ORY,NAT,2026-09-18,1289,,
2026-08-01T19:18:33.793950,ORY,NAT,2026-09-18,1346,,
2026-08-01T19:18:33.793952,ORY,NAT,2026-09-18,1379,,
2026-08-01T19:18:33.793955,ORY,NAT,2026-09-18,1652,,
2026-08-02T03:33:35.659023,ORY,NAT,2026-09-18,1004,,
2026-08-02T03:33:35.659043,ORY,NAT,2026-09-18,1108,,
2026-08-02T03:33:35.659047,ORY,NAT,2026-09-18,1176,,
2026-08-02T03:33:35.659050,ORY,NAT,2026-09-18,1247,,
2026-08-02T03:33:35.659053,ORY,NAT,2026-09-18,1289,,
2026-08-02T03:33:35.659055,ORY,NAT,2026-09-18,1346,,
2026-08-02T03:33:35.659057,ORY,NAT,2026-09-18,1379,,
2026-08-02T03:33:35.659060,ORY,NAT,2026-09-18,1652,,
2026-08-02T08:31:54.330534,ORY,NAT,2026-09-18,1003,,
2026-08-02T08:31:54.330550,ORY,NAT,2026-09-18,1108,,
2026-08-02T08:31:54.330555,ORY,NAT,2026-09-18,1176,,
2026-08-02T08:31:54.330558,ORY,NAT,2026-09-18,1246,,
2026-08-02T08:31:54.330560,ORY,NAT,2026-09-18,1289,,
2026-08-02T08:31:54.330562,ORY,NAT,2026-09-18,1346,,
2026-08-02T08:31:54.330565,ORY,NAT,2026-09-18,1379,,
2026-08-02T08:31:54.330567,ORY,NAT,2026-09-18,1651,,
2026-08-02T13:41:49.410249,ORY,NAT,2026-09-18,1003,,
2026-08-02T13:41:49.410270,ORY,NAT,2026-09-18,1069,,
2026-08-02T13:41:49.410274,ORY,NAT,2026-09-18,1176,,
2026-08-02T13:41:49.410277,ORY,NAT,2026-09-18,1246,,
2026-08-02T13:41:49.410279,ORY,NAT,2026-09-18,1289,,
2026-08-02T13:41:49.410282,ORY,NAT,2026-09-18,1346,,
2026-08-02T13:41:49.410284,ORY,NAT,2026-09-18,1379,,
2026-08-02T13:41:49.410286,ORY,NAT,2026-09-18,1651,,
2026-08-02T19:19:28.071286,ORY,NAT,2026-09-18,1004,,
2026-08-02T19:19:28.071305,ORY,NAT,2026-09-18,1108,,
2026-08-02T19:19:28.071310,ORY,NAT,2026-09-18,1176,,
2026-08-02T19:19:28.071313,ORY,NAT,2026-09-18,1247,,
2026-08-02T19:19:28.071315,ORY,NAT,2026-09-18,1289,,
2026-08-02T19:19:28.071318,ORY,NAT,2026-09-18,1346,,
2026-08-02T19:19:28.071320,ORY,NAT,2026-09-18,1379,,
2026-08-02T19:19:28.071322,ORY,NAT,2026-09-18,1652,,
2026-08-03T03:36:01.505445,ORY,NAT,2026-09-18,1003,,
2026-08-03T03:36:01.505488,ORY,NAT,2026-09-18,1069,,
2026-08-03T03:36:01.505493,ORY,NAT,2026-09-18,1175,,
2026-08-03T03:36:01.505496,ORY,NAT,2026-09-18,1246,,
2026-08-03T03:36:01.505498,ORY,NAT,2026-09-18,1288,,
2026-08-03T03:36:01.505499,ORY,NAT,2026-09-18,1345,,
2026-08-03T03:36:01.505501,ORY,NAT,2026-09-18,1378,,
2026-08-03T03:36:01.505503,ORY,NAT,2026-09-18,1650,,
2026-08-03T09:57:57.255139,ORY,NAT,2026-09-18,1003,,
2026-08-03T09:57:57.255160,ORY,NAT,2026-09-18,1107,,
2026-08-03T09:57:57.255164,ORY,NAT,2026-09-18,1175,,
2026-08-03T09:57:57.255168,ORY,NAT,2026-09-18,1245,,
2026-08-03T09:57:57.255170,ORY,NAT,2026-09-18,1288,,
2026-08-03T09:57:57.255173,ORY,NAT,2026-09-18,1345,,
2026-08-03T09:57:57.255175,ORY,NAT,2026-09-18,1378,,
2026-08-03T09:57:57.255178,ORY,NAT,2026-09-18,1650,,
2026-08-03T14:54:03.794498,ORY,NAT,2026-09-18,1002,,
2026-08-03T14:54:03.794517,ORY,NAT,2026-09-18,1107,,
2026-08-03T14:54:03.794522,ORY,NAT,2026-09-18,1174,,
2026-08-03T14:54:03.794525,ORY,NAT,2026-09-18,1245,,
2026-08-03T14:54:03.794527,ORY,NAT,2026-09-18,1287,,
2026-08-03T14:54:03.794530,ORY,NAT,2026-09-18,1344,,
2026-08-03T14:54:03.794532,ORY,NAT,2026-09-18,1377,,
2026-08-03T14:54:03.794534,ORY,NAT,2026-09-18,1649,,
2026-08-03T14:54:03.794537,ORY,NAT,2026-09-18,1685,,
2026-08-03T19:46:18.811582,ORY,NAT,2026-09-18,1002,,
2026-08-03T19:46:18.811605,ORY,NAT,2026-09-18,1174,,
2026-08-03T19:46:18.811609,ORY,NAT,2026-09-18,1175,,
2026-08-03T19:46:18.811612,ORY,NAT,2026-09-18,1222,,
2026-08-03T19:46:18.811615,ORY,NAT,2026-09-18,1244,,
2026-08-03T19:46:18.811617,ORY,NAT,2026-09-18,1244,,
2026-08-03T19:46:18.811619,ORY,NAT,2026-09-18,1377,,
2026-08-03T19:46:18.811622,ORY,NAT,2026-09-18,1648,,
2026-08-04T03:19:01.225034,ORY,NAT,2026-09-18,1001,,
2026-08-04T03:19:01.225054,ORY,NAT,2026-09-18,1174,,
2026-08-04T03:19:01.225059,ORY,NAT,2026-09-18,1175,,
2026-08-04T03:19:01.225062,ORY,NAT,2026-09-18,1221,,
2026-08-04T03:19:01.225064,ORY,NAT,2026-09-18,1244,,
2026-08-04T03:19:01.225066,ORY,NAT,2026-09-18,1244,,
2026-08-04T03:19:01.225069,ORY,NAT,2026-09-18,1376,,
2026-08-04T03:19:01.225071,ORY,NAT,2026-09-18,1648,,
2026-08-04T08:48:13.305712,ORY,NAT,2026-09-18,1002,,
2026-08-04T08:48:13.305732,ORY,NAT,2026-09-18,1174,,
2026-08-04T08:48:13.305736,ORY,NAT,2026-09-18,1175,,
2026-08-04T08:48:13.305739,ORY,NAT,2026-09-18,1221,,
2026-08-04T08:48:13.305741,ORY,NAT,2026-09-18,1244,,
2026-08-04T08:48:13.305744,ORY,NAT,2026-09-18,1244,,
2026-08-04T08:48:13.305746,ORY,NAT,2026-09-18,1376,,
2026-08-04T08:48:13.305748,ORY,NAT,2026-09-18,1648,,
2026-08-04T14:30:08.879960,ORY,NAT,2026-09-18,1003,,
2026-08-04T14:30:08.879983,ORY,NAT,2026-09-18,1176,,
2026-08-04T14:30:08.879987,ORY,NAT,2026-09-18,1177,,
2026-08-04T14:30:08.879990,ORY,NAT,2026-09-18,1223,,
2026-08-04T14:30:08.879993,ORY,NAT,2026-09-18,1246,,
2026-08-04T14:30:08.879995,ORY,NAT,2026-09-18,1246,,
2026-08-04T14:30:08.879997,ORY,NAT,2026-09-18,1379,,
2026-08-04T14:30:08.880000,ORY,NAT,2026-09-18,1651,,
2026-08-04T19:45:06.206634,ORY,NAT,2026-09-18,1003,,
2026-08-04T19:45:06.206655,ORY,NAT,2026-09-18,1069,,
2026-08-04T19:45:06.206658,ORY,NAT,2026-09-18,1080,,
2026-08-04T19:45:06.206660,ORY,NAT,2026-09-18,1177,,
2026-08-04T19:45:06.206662,ORY,NAT,2026-09-18,1224,,
2026-08-04T19:45:06.206664,ORY,NAT,2026-09-18,1246,,
2026-08-04T19:45:06.206666,ORY,NAT,2026-09-18,1379,,
2026-08-04T19:45:06.206668,ORY,NAT,2026-09-18,1651,,
2026-08-05T03:14:19.979179,ORY,NAT,2026-09-18,1003,,
2026-08-05T03:14:19.979198,ORY,NAT,2026-09-18,1096,,
2026-08-05T03:14:19.979203,ORY,NAT,2026-09-18,1177,,
2026-08-05T03:14:19.979206,ORY,NAT,2026-09-18,1223,,
2026-08-05T03:14:19.979208,ORY,NAT,2026-09-18,1246,,
2026-08-05T03:14:19.979210,ORY,NAT,2026-09-18,1378,,
2026-08-05T03:14:19.979213,ORY,NAT,2026-09-18,1650,,
2026-08-05T08:45:25.480432,ORY,NAT,2026-09-18,1412,,
2026-08-05T08:45:25.480451,ORY,NAT,2026-09-18,1544,,
2026-08-05T08:45:25.480455,ORY,NAT,2026-09-18,1657,,
2026-08-05T08:45:25.480458,ORY,NAT,2026-09-18,1722,,
2026-08-05T08:45:25.480461,ORY,NAT,2026-09-18,1754,,
2026-08-05T08:45:25.480463,ORY,NAT,2026-09-18,1941,,
2026-08-05T08:45:25.480465,ORY,NAT,2026-09-18,2324,,
2026-08-05T14:23:17.426247,ORY,NAT,2026-09-18,1005,,
2026-08-05T14:23:17.426266,ORY,NAT,2026-09-18,1081,,
2026-08-05T14:23:17.426270,ORY,NAT,2026-09-18,1226,,
2026-08-05T14:23:17.426273,ORY,NAT,2026-09-18,1248,,
2026-08-05T14:23:17.426276,ORY,NAT,2026-09-18,1348,,
2026-08-05T14:23:17.426278,ORY,NAT,2026-09-18,1381,,
2026-08-05T14:23:17.426281,ORY,NAT,2026-09-18,1654,,
2026-08-05T19:44:17.872736,ORY,NAT,2026-09-18,1005,,
2026-08-05T19:44:17.872758,ORY,NAT,2026-09-18,1081,,
2026-08-05T19:44:17.872762,ORY,NAT,2026-09-18,1226,,
2026-08-05T19:44:17.872765,ORY,NAT,2026-09-18,1248,,
2026-08-05T19:44:17.872768,ORY,NAT,2026-09-18,1348,,
2026-08-05T19:44:17.872770,ORY,NAT,2026-09-18,1381,,
2026-08-05T19:44:17.872772,ORY,NAT,2026-09-18,1654,,
2026-08-06T03:17:27.397647,ORY,NAT,2026-09-18,1005,,
2026-08-06T03:17:27.397667,ORY,NAT,2026-09-18,1226,,
2026-08-06T03:17:27.397671,ORY,NAT,2026-09-18,1318,,
2026-08-06T03:17:27.397674,ORY,NAT,2026-09-18,1348,,
2026-08-06T03:17:27.397677,ORY,NAT,2026-09-18,1381,,
2026-08-06T03:17:27.397679,ORY,NAT,2026-09-18,1654,,
2026-08-06T08:46:58.297186,ORY,NAT,2026-09-18,753,,
2026-08-06T08:46:58.297206,ORY,NAT,2026-09-18,1004,,
2026-08-06T08:46:58.297211,ORY,NAT,2026-09-18,1005,,
2026-08-06T08:46:58.297214,ORY,NAT,2026-09-18,1225,,
2026-08-06T08:46:58.297216,ORY,NAT,2026-09-18,1347,,
2026-08-06T08:46:58.297219,ORY,NAT,2026-09-18,1530,,
2026-08-06T14:26:27.015685,ORY,NAT,2026-09-18,748,,
2026-08-06T14:26:27.015710,ORY,NAT,2026-09-18,1004,,
2026-08-06T14:26:27.015717,ORY,NAT,2026-09-18,1019,,
2026-08-06T14:26:27.015722,ORY,NAT,2026-09-18,1039,,
2026-08-06T14:26:27.015727,ORY,NAT,2026-09-18,1097,,
2026-08-06T14:26:27.015731,ORY,NAT,2026-09-18,1177,,
2026-08-06T14:26:27.015736,ORY,NAT,2026-09-18,1339,,
2026-08-07T00:07:49.320609,ORY,NAT,2026-09-18,752,,
2026-08-07T00:07:49.320632,ORY,NAT,2026-09-18,1003,,
2026-08-07T00:07:49.320671,ORY,NAT,2026-09-18,1018,,
2026-08-07T00:07:49.320684,ORY,NAT,2026-09-18,1038,,
2026-08-07T00:07:49.320689,ORY,NAT,2026-09-18,1096,,
2026-08-07T00:07:49.320694,ORY,NAT,2026-09-18,1176,,
2026-08-07T00:07:49.320699,ORY,NAT,2026-09-18,1338,,
2026-08-07T07:25:49.992866,ORY,NAT,2026-09-18,1176,,
2026-08-07T07:25:49.992883,ORY,NAT,2026-09-18,1245,,
2026-08-07T07:25:49.992887,ORY,NAT,2026-09-18,1377,,
2026-08-07T07:25:49.992890,ORY,NAT,2026-09-18,1378,,
2026-08-07T07:25:49.992892,ORY,NAT,2026-09-18,1685,,
2026-08-07T13:17:14.602516,ORY,NAT,2026-09-18,1042,,
2026-08-07T13:17:14.602537,ORY,NAT,2026-09-18,1181,,
2026-08-07T13:17:14.602542,ORY,NAT,2026-09-18,1250,,
2026-08-07T13:17:14.602544,ORY,NAT,2026-09-18,1382,,
2026-08-07T13:17:14.602547,ORY,NAT,2026-09-18,1692,,
2026-08-07T13:17:14.602549,ORY,NAT,2026-09-18,2616,,
2026-08-07T19:05:23.211506,ORY,NAT,2026-09-18,1249,,
2026-08-07T19:05:23.211537,ORY,NAT,2026-09-18,1349,,
2026-08-07T19:05:23.211541,ORY,NAT,2026-09-18,1659,,
2026-08-07T19:05:23.211544,ORY,NAT,2026-09-18,2614,,
2026-08-08T02:02:30.227686,ORY,NAT,2026-09-18,1249,,
2026-08-08T02:02:30.227706,ORY,NAT,2026-09-18,1349,,
2026-08-08T02:02:30.227710,ORY,NAT,2026-09-18,1659,,
2026-08-08T02:02:30.227713,ORY,NAT,2026-09-18,2613,,
2026-08-08T07:03:00.696880,ORY,NAT,2026-09-18,1082,,
2026-08-08T07:03:00.696904,ORY,NAT,2026-09-18,1249,,
2026-08-08T07:03:00.696908,ORY,NAT,2026-09-18,1349,,
2026-08-08T07:03:00.696911,ORY,NAT,2026-09-18,1659,,
2026-08-08T07:03:00.696913,ORY,NAT,2026-09-18,2613,,
2026-08-08T13:00:48.750313,ORY,NAT,2026-09-18,1082,,
2026-08-08T13:00:48.750332,ORY,NAT,2026-09-18,1249,,
2026-08-08T13:00:48.750336,ORY,NAT,2026-09-18,1349,,
2026-08-08T13:00:48.750339,ORY,NAT,2026-09-18,1659,,
2026-08-08T13:00:48.750342,ORY,NAT,2026-09-18,2613,,
2026-08-08T18:46:46.866846,ORY,NAT,2026-09-18,843,,
2026-08-08T18:46:46.866868,ORY,NAT,2026-09-18,913,,
2026-08-08T18:46:46.866873,ORY,NAT,2026-09-18,913,,
2026-08-08T18:46:46.866876,ORY,NAT,2026-09-18,1249,,
2026-08-08T18:46:46.866878,ORY,NAT,2026-09-18,2613,,
2026-08-09T02:10:27.638650,ORY,NAT,2026-09-18,844,,
2026-08-09T02:10:27.638680,ORY,NAT,2026-09-18,913,,
2026-08-09T02:10:27.638684,ORY,NAT,2026-09-18,913,,
2026-08-09T02:10:27.638687,ORY,NAT,2026-09-18,1249,,
2026-08-09T02:10:27.638690,ORY,NAT,2026-09-18,2614,,
2026-08-09T07:05:14.105172,ORY,NAT,2026-09-18,843,,
2026-08-09T07:05:14.105195,ORY,NAT,2026-09-18,913,,
2026-08-09T07:05:14.105199,ORY,NAT,2026-09-18,913,,
2026-08-09T07:05:14.105201,ORY,NAT,2026-09-18,1082,,
2026-08-09T07:05:14.105204,ORY,NAT,2026-09-18,1249,,
2026-08-09T07:05:14.105206,ORY,NAT,2026-09-18,2613,,
2026-08-09T13:03:47.753207,ORY,NAT,2026-09-18,840,,
2026-08-09T13:03:47.753230,ORY,NAT,2026-09-18,909,,
2026-08-09T13:03:47.753234,ORY,NAT,2026-09-18,909,,
2026-08-09T13:03:47.753237,ORY,NAT,2026-09-18,1077,,
2026-08-09T13:03:47.753240,ORY,NAT,2026-09-18,1243,,
2026-08-09T13:03:47.753242,ORY,NAT,2026-09-18,2601,,
2026-08-09T18:50:57.106792,ORY,NAT,2026-09-18,840,,
2026-08-09T18:50:57.106815,ORY,NAT,2026-09-18,909,,
2026-08-09T18:50:57.106820,ORY,NAT,2026-09-18,909,,
2026-08-09T18:50:57.106822,ORY,NAT,2026-09-18,1077,,
2026-08-09T18:50:57.106825,ORY,NAT,2026-09-18,1243,,
2026-08-09T18:50:57.106828,ORY,NAT,2026-09-18,2601,,
2026-08-10T07:52:46.507436,ORY,NAT,2026-09-18,843,,
2026-08-10T07:52:46.507456,ORY,NAT,2026-09-18,912,,
2026-08-10T07:52:46.507459,ORY,NAT,2026-09-18,912,,
2026-08-10T07:52:46.507461,ORY,NAT,2026-09-18,1081,,
2026-08-10T07:52:46.507462,ORY,NAT,2026-09-18,1099,,
2026-08-10T07:52:46.507464,ORY,NAT,2026-09-18,1249,,
2026-08-10T07:52:46.507465,ORY,NAT,2026-09-18,2612,,
2026-08-10T13:22:29.021805,ORY,NAT,2026-09-18,843,,
2026-08-10T13:22:29.021824,ORY,NAT,2026-09-18,912,,
2026-08-10T13:22:29.021828,ORY,NAT,2026-09-18,912,,
2026-08-10T13:22:29.021831,ORY,NAT,2026-09-18,1099,,
2026-08-10T13:22:29.021833,ORY,NAT,2026-09-18,1248,,
2026-08-10T13:22:29.021836,ORY,NAT,2026-09-18,2611,,
2026-08-10T19:04:40.914287,ORY,NAT,2026-09-18,912,,
2026-08-10T19:04:40.914307,ORY,NAT,2026-09-18,1099,,
2026-08-10T19:04:40.914311,ORY,NAT,2026-09-18,1248,,
2026-08-10T19:04:40.914314,ORY,NAT,2026-09-18,1347,,
2026-08-10T19:04:40.914317,ORY,NAT,2026-09-18,1656,,
2026-08-10T19:04:40.914319,ORY,NAT,2026-09-18,2610,,
2026-08-11T02:09:09.769410,ORY,NAT,2026-09-18,912,,
2026-08-11T02:09:09.769429,ORY,NAT,2026-09-18,1290,,
2026-08-11T02:09:09.769433,ORY,NAT,2026-09-18,1380,,
2026-08-11T02:09:09.769436,ORY,NAT,2026-09-18,1587,,
2026-08-11T02:09:09.769439,ORY,NAT,2026-09-18,1657,,
2026-08-11T02:09:09.769441,ORY,NAT,2026-09-18,2610,,
2026-08-11T07:17:09.621190,ORY,NAT,2026-09-18,911,,
2026-08-11T07:17:09.621210,ORY,NAT,2026-09-18,1289,,
2026-08-11T07:17:09.621214,ORY,NAT,2026-09-18,1379,,
2026-08-11T07:17:09.621217,ORY,NAT,2026-09-18,1586,,
2026-08-11T07:17:09.621220,ORY,NAT,2026-09-18,1656,,
2026-08-11T07:17:09.621222,ORY,NAT,2026-09-18,2608,,
2026-08-11T13:19:34.776916,ORY,NAT,2026-09-18,911,,
2026-08-11T13:19:34.776933,ORY,NAT,2026-09-18,1290,,
2026-08-11T13:19:34.776937,ORY,NAT,2026-09-18,1379,,
2026-08-11T13:19:34.776940,ORY,NAT,2026-09-18,1587,,
2026-08-11T13:19:34.776943,ORY,NAT,2026-09-18,1656,,
2026-08-11T13:19:34.776945,ORY,NAT,2026-09-18,2610,,
2026-08-11T19:10:30.226374,ORY,NAT,2026-09-18,911,,
2026-08-11T19:10:30.226394,ORY,NAT,2026-09-18,1289,,
2026-08-11T19:10:30.226398,ORY,NAT,2026-09-18,1378,,
2026-08-11T19:10:30.226401,ORY,NAT,2026-09-18,1586,,
2026-08-11T19:10:30.226404,ORY,NAT,2026-09-18,1655,,
2026-08-11T19:10:30.226406,ORY,NAT,2026-09-18,2608,,
2026-08-12T02:26:54.257749,ORY,NAT,2026-09-18,911,,
2026-08-12T02:26:54.257770,ORY,NAT,2026-09-18,1289,,
2026-08-12T02:26:54.257774,ORY,NAT,2026-09-18,1378,,
2026-08-12T02:26:54.257777,ORY,NAT,2026-09-18,1586,,
2026-08-12T02:26:54.257780,ORY,NAT,2026-09-18,1655,,
2026-08-12T02:26:54.257782,ORY,NAT,2026-09-18,2608,,
2026-08-12T07:41:17.344237,ORY,NAT,2026-09-18,911,,
2026-08-12T07:41:17.344260,ORY,NAT,2026-09-18,1290,,
2026-08-12T07:41:17.344265,ORY,NAT,2026-09-18,1379,,
2026-08-12T07:41:17.344268,ORY,NAT,2026-09-18,1586,,
2026-08-12T07:41:17.344270,ORY,NAT,2026-09-18,1656,,
2026-08-12T07:41:17.344272,ORY,NAT,2026-09-18,2608,,
2026-08-12T13:23:32.973330,ORY,NAT,2026-09-18,913,,
2026-08-12T13:23:32.973349,ORY,NAT,2026-09-18,1292,,
2026-08-12T13:23:32.973353,ORY,NAT,2026-09-18,1381,,
2026-08-12T13:23:32.973356,ORY,NAT,2026-09-18,1589,,
2026-08-12T13:23:32.973358,ORY,NAT,2026-09-18,1658,,
2026-08-12T13:23:32.973361,ORY,NAT,2026-09-18,2613,,
2026-08-12T19:09:42.110284,ORY,NAT,2026-09-18,1107,,
2026-08-12T19:09:42.110306,ORY,NAT,2026-09-18,1288,,
2026-08-12T19:09:42.110310,ORY,NAT,2026-09-18,1377,,
2026-08-12T19:09:42.110313,ORY,NAT,2026-09-18,1584,,
2026-08-12T19:09:42.110315,ORY,NAT,2026-09-18,1654,,
2026-08-12T19:09:42.110317,ORY,NAT,2026-09-18,2605,,
2026-08-13T02:29:06.791594,ORY,NAT,2026-09-18,1107,,
2026-08-13T02:29:06.791617,ORY,NAT,2026-09-18,1288,,
2026-08-13T02:29:06.791622,ORY,NAT,2026-09-18,1377,,
2026-08-13T02:29:06.791624,ORY,NAT,2026-09-18,1584,,
2026-08-13T02:29:06.791627,ORY,NAT,2026-09-18,1653,,
2026-08-13T02:29:06.791629,ORY,NAT,2026-09-18,2605,,
2026-08-13T07:42:53.438604,ORY,NAT,2026-09-18,1106,,
2026-08-13T07:42:53.438624,ORY,NAT,2026-09-18,1287,,
2026-08-13T07:42:53.438629,ORY,NAT,2026-09-18,1376,,
2026-08-13T07:42:53.438632,ORY,NAT,2026-09-18,1583,,
2026-08-13T07:42:53.438634,ORY,NAT,2026-09-18,1653,,
2026-08-13T07:42:53.438637,ORY,NAT,2026-09-18,2604,,
2026-08-13T13:25:01.065141,ORY,NAT,2026-09-18,1108,,
2026-08-13T13:25:01.065159,ORY,NAT,2026-09-18,1289,,
2026-08-13T13:25:01.065163,ORY,NAT,2026-09-18,1379,,
2026-08-13T13:25:01.065166,ORY,NAT,2026-09-18,1586,,
2026-08-13T13:25:01.065169,ORY,NAT,2026-09-18,1656,,
2026-08-13T13:25:01.065171,ORY,NAT,2026-09-18,2608,,
2026-08-13T19:10:13.370345,ORY,NAT,2026-09-18,1108,,
2026-08-13T19:10:13.370363,ORY,NAT,2026-09-18,1289,,
2026-08-13T19:10:13.370392,ORY,NAT,2026-09-18,1378,,
2026-08-13T19:10:13.370395,ORY,NAT,2026-09-18,1585,,
2026-08-13T19:10:13.370398,ORY,NAT,2026-09-18,1654,,
2026-08-13T19:10:13.370400,ORY,NAT,2026-09-18,2607,,
2026-08-14T02:27:17.388248,ORY,NAT,2026-09-18,1120,,
2026-08-14T02:27:17.388269,ORY,NAT,2026-09-18,1289,,
2026-08-14T02:27:17.388274,ORY,NAT,2026-09-18,1489,,
2026-08-14T02:27:17.388277,ORY,NAT,2026-09-18,1586,,
2026-08-14T02:27:17.388279,ORY,NAT,2026-09-18,1655,,
2026-08-14T02:27:17.388282,ORY,NAT,2026-09-18,2608,,
2026-08-14T07:40:56.576816,ORY,NAT,2026-09-18,1121,,
2026-08-14T07:40:56.576835,ORY,NAT,2026-09-18,1290,,
2026-08-14T07:40:56.576839,ORY,NAT,2026-09-18,1490,,
2026-08-14T07:40:56.576842,ORY,NAT,2026-09-18,1587,,
2026-08-14T07:40:56.576844,ORY,NAT,2026-09-18,1657,,
2026-08-14T07:40:56.576846,ORY,NAT,2026-09-18,2610,,
2026-08-14T13:19:53.440017,ORY,NAT,2026-09-18,904,,
2026-08-14T13:19:53.440036,ORY,NAT,2026-09-18,1006,,
2026-08-14T13:19:53.440040,ORY,NAT,2026-09-18,1292,,
2026-08-14T13:19:53.440042,ORY,NAT,2026-09-18,1381,,
2026-08-14T13:19:53.440044,ORY,NAT,2026-09-18,1589,,
2026-08-14T13:19:53.440046,ORY,NAT,2026-09-18,2614,,
2026-08-14T19:02:13.368866,ORY,NAT,2026-09-18,904,,
2026-08-14T19:02:13.368884,ORY,NAT,2026-09-18,1006,,
2026-08-14T19:02:13.368888,ORY,NAT,2026-09-18,1292,,
2026-08-14T19:02:13.368891,ORY,NAT,2026-09-18,1382,,
2026-08-14T19:02:13.368893,ORY,NAT,2026-09-18,1590,,
2026-08-14T19:02:13.368895,ORY,NAT,2026-09-18,2614,,
2026-08-15T01:37:56.672361,ORY,NAT,2026-09-18,904,,
2026-08-15T01:37:56.672379,ORY,NAT,2026-09-18,1006,,
2026-08-15T01:37:56.672384,ORY,NAT,2026-09-18,1292,,
2026-08-15T01:37:56.672387,ORY,NAT,2026-09-18,1381,,
2026-08-15T01:37:56.672389,ORY,NAT,2026-09-18,1589,,
2026-08-15T01:37:56.672391,ORY,NAT,2026-09-18,2614,,
2026-08-15T06:48:52.674356,ORY,NAT,2026-09-18,904,,
2026-08-15T06:48:52.674376,ORY,NAT,2026-09-18,960,,
2026-08-15T06:48:52.674380,ORY,NAT,2026-09-18,1007,,
2026-08-15T06:48:52.674383,ORY,NAT,2026-09-18,1293,,
2026-08-15T06:48:52.674386,ORY,NAT,2026-09-18,1382,,
2026-08-15T06:48:52.674388,ORY,NAT,2026-09-18,2615,,
2026-08-15T12:49:46.721712,ORY,NAT,2026-09-18,925,,
2026-08-15T12:49:46.721728,ORY,NAT,2026-09-18,960,,
2026-08-15T12:49:46.721731,ORY,NAT,2026-09-18,1007,,
2026-08-15T12:49:46.721733,ORY,NAT,2026-09-18,1293,,
2026-08-15T12:49:46.721735,ORY,NAT,2026-09-18,1382,,
2026-08-15T12:49:46.721737,ORY,NAT,2026-09-18,2615,,
2026-08-15T18:37:17.478436,ORY,NAT,2026-09-18,925,,
2026-08-15T18:37:17.478458,ORY,NAT,2026-09-18,960,,
2026-08-15T18:37:17.478462,ORY,NAT,2026-09-18,1007,,
2026-08-15T18:37:17.478465,ORY,NAT,2026-09-18,1293,,
2026-08-15T18:37:17.478468,ORY,NAT,2026-09-18,1382,,
2026-08-15T18:37:17.478470,ORY,NAT,2026-09-18,2615,,
2026-08-16T01:44:58.836948,ORY,NAT,2026-09-18,925,,
2026-08-16T01:44:58.836967,ORY,NAT,2026-09-18,1007,,
2026-08-16T01:44:58.836972,ORY,NAT,2026-09-18,1293,,
2026-08-16T01:44:58.836975,ORY,NAT,2026-09-18,1493,,
2026-08-16T01:44:58.836977,ORY,NAT,2026-09-18,1590,,
2026-08-16T01:44:58.836979,ORY,NAT,2026-09-18,2615,,
2026-08-16T06:50:10.457235,ORY,NAT,2026-09-18,925,,
2026-08-16T06:50:10.457255,ORY,NAT,2026-09-18,1007,,
2026-08-16T06:50:10.457259,ORY,NAT,2026-09-18,1293,,
2026-08-16T06:50:10.457261,ORY,NAT,2026-09-18,1493,,
2026-08-16T06:50:10.457263,ORY,NAT,2026-09-18,1590,,
2026-08-16T06:50:10.457265,ORY,NAT,2026-09-18,2615,,
2026-08-16T12:50:57.200789,ORY,NAT,2026-09-18,925,,
2026-08-16T12:50:57.200809,ORY,NAT,2026-09-18,1007,,
2026-08-16T12:50:57.200813,ORY,NAT,2026-09-18,1293,,
2026-08-16T12:50:57.200816,ORY,NAT,2026-09-18,1493,,
2026-08-16T12:50:57.200819,ORY,NAT,2026-09-18,1590,,
2026-08-16T12:50:57.200821,ORY,NAT,2026-09-18,2615,,
2026-08-16T18:36:46.971630,ORY,NAT,2026-09-18,917,,
2026-08-16T18:36:46.971652,ORY,NAT,2026-09-18,998,,
2026-08-16T18:36:46.971657,ORY,NAT,2026-09-18,1282,,
2026-08-16T18:36:46.971660,ORY,NAT,2026-09-18,1481,,
2026-08-16T18:36:46.971662,ORY,NAT,2026-09-18,1577,,
2026-08-16T18:36:46.971665,ORY,NAT,2026-09-18,2593,,
2026-08-17T01:42:54.038098,ORY,NAT,2026-09-18,926,,
2026-08-17T01:42:54.038117,ORY,NAT,2026-09-18,961,,
2026-08-17T01:42:54.038122,ORY,NAT,2026-09-18,1008,,
2026-08-17T01:42:54.038125,ORY,NAT,2026-09-18,1294,,
2026-08-17T01:42:54.038127,ORY,NAT,2026-09-18,1383,,
2026-08-17T01:42:54.038130,ORY,NAT,2026-09-18,2617,,
2026-08-17T07:06:45.949162,ORY,NAT,2026-09-18,926,,
2026-08-17T07:06:45.949179,ORY,NAT,2026-09-18,961,,
2026-08-17T07:06:45.949182,ORY,NAT,2026-09-18,1008,,
2026-08-17T07:06:45.949185,ORY,NAT,2026-09-18,1294,,
2026-08-17T07:06:45.949187,ORY,NAT,2026-09-18,1384,,
2026-08-17T07:06:45.949189,ORY,NAT,2026-09-18,2618,,
2026-08-17T12:55:28.622885,ORY,NAT,2026-09-18,927,,
2026-08-17T12:55:28.622906,ORY,NAT,2026-09-18,962,,
2026-08-17T12:55:28.622909,ORY,NAT,2026-09-18,1009,,
2026-08-17T12:55:28.622912,ORY,NAT,2026-09-18,1295,,
2026-08-17T12:55:28.622914,ORY,NAT,2026-09-18,1385,,
2026-08-17T12:55:28.622917,ORY,NAT,2026-09-18,2621,,
2026-08-17T18:48:39.241739,ORY,NAT,2026-09-18,926,,
2026-08-17T18:48:39.241761,ORY,NAT,2026-09-18,961,,
2026-08-17T18:48:39.241764,ORY,NAT,2026-09-18,1007,,
2026-08-17T18:48:39.241766,ORY,NAT,2026-09-18,1294,,
2026-08-17T18:48:39.241768,ORY,NAT,2026-09-18,1383,,
2026-08-17T18:48:39.241770,ORY,NAT,2026-09-18,2617,,
2026-08-18T01:37:59.390207,ORY,NAT,2026-09-18,1008,,
2026-08-18T01:37:59.390229,ORY,NAT,2026-09-18,1124,,
2026-08-18T01:37:59.390233,ORY,NAT,2026-09-18,1294,,
2026-08-18T01:37:59.390236,ORY,NAT,2026-09-18,1384,,
2026-08-18T01:37:59.390238,ORY,NAT,2026-09-18,1592,,
2026-08-18T01:37:59.390241,ORY,NAT,2026-09-18,2619,,
2026-08-18T06:53:47.899460,ORY,NAT,2026-09-18,1007,,
2026-08-18T06:53:47.899479,ORY,NAT,2026-09-18,1123,,
2026-08-18T06:53:47.899483,ORY,NAT,2026-09-18,1293,,
2026-08-18T06:53:47.899486,ORY,NAT,2026-09-18,1382,,
2026-08-18T06:53:47.899488,ORY,NAT,2026-09-18,1590,,
2026-08-18T06:53:47.899491,ORY,NAT,2026-09-18,2615,,
2026-08-18T12:57:13.464873,ORY,NAT,2026-09-18,1007,,
2026-08-18T12:57:13.464895,ORY,NAT,2026-09-18,1123,,
2026-08-18T12:57:13.464900,ORY,NAT,2026-09-18,1294,,
2026-08-18T12:57:13.464903,ORY,NAT,2026-09-18,1383,,
2026-08-18T12:57:13.464905,ORY,NAT,2026-09-18,1591,,
2026-08-18T12:57:13.464908,ORY,NAT,2026-09-18,2617,,
2026-08-18T18:47:14.011738,ORY,NAT,2026-09-18,1007,,
2026-08-18T18:47:14.011755,ORY,NAT,2026-09-18,1123,,
2026-08-18T18:47:14.011758,ORY,NAT,2026-09-18,1294,,
2026-08-18T18:47:14.011761,ORY,NAT,2026-09-18,1383,,
2026-08-18T18:47:14.011763,ORY,NAT,2026-09-18,1591,,
2026-08-18T18:47:14.011765,ORY,NAT,2026-09-18,2617,,
2026-08-19T01:40:08.918811,ORY,NAT,2026-09-18,1123,,
2026-08-19T01:40:08.918830,ORY,NAT,2026-09-18,1180,,
2026-08-19T01:40:08.918833,ORY,NAT,2026-09-18,1293,,
2026-08-19T01:40:08.918835,ORY,NAT,2026-09-18,1383,,
2026-08-19T01:40:08.918837,ORY,NAT,2026-09-18,1591,,
2026-08-19T01:40:08.918839,ORY,NAT,2026-09-18,2616,,
2026-08-19T06:53:57.279972,ORY,NAT,2026-09-18,1125,,
2026-08-19T06:53:57.279993,ORY,NAT,2026-09-18,1182,,
2026-08-19T06:53:57.279997,ORY,NAT,2026-09-18,1295,,
2026-08-19T06:53:57.280000,ORY,NAT,2026-09-18,1385,,
2026-08-19T06:53:57.280002,ORY,NAT,2026-09-18,1593,,
2026-08-19T06:53:57.280005,ORY,NAT,2026-09-18,2620,,
2026-08-19T12:58:00.641182,ORY,NAT,2026-09-18,1126,,
2026-08-19T12:58:00.641203,ORY,NAT,2026-09-18,1183,,
2026-08-19T12:58:00.641207,ORY,NAT,2026-09-18,1297,,
2026-08-19T12:58:00.641210,ORY,NAT,2026-09-18,1386,,
2026-08-19T12:58:00.641213,ORY,NAT,2026-09-18,1595,,
2026-08-19T12:58:00.641215,ORY,NAT,2026-09-18,2623,,
2026-08-19T18:42:56.309037,ORY,NAT,2026-09-18,1015,,
2026-08-19T18:42:56.309060,ORY,NAT,2026-09-18,1133,,
2026-08-19T18:42:56.309065,ORY,NAT,2026-09-18,1304,,
2026-08-19T18:42:56.309068,ORY,NAT,2026-09-18,1394,,
2026-08-19T18:42:56.309070,ORY,NAT,2026-09-18,1604,,
2026-08-19T18:42:56.309073,ORY,NAT,2026-09-18,2638,,
2026-08-20T01:38:27.789202,ORY,NAT,2026-09-18,1016,,
2026-08-20T01:38:27.789223,ORY,NAT,2026-09-18,1133,,
2026-08-20T01:38:27.789227,ORY,NAT,2026-09-18,1190,,
2026-08-20T01:38:27.789230,ORY,NAT,2026-09-18,1429,,
2026-08-20T01:38:27.789232,ORY,NAT,2026-09-18,1557,,
2026-08-20T01:38:27.789235,ORY,NAT,2026-09-18,1604,,
2026-08-20T01:38:27.789237,ORY,NAT,2026-09-18,2638,,
2026-08-20T06:55:34.929709,ORY,NAT,2026-09-18,1016,,
2026-08-20T06:55:34.929729,ORY,NAT,2026-09-18,1110,,
2026-08-20T06:55:34.929733,ORY,NAT,2026-09-18,1430,,
2026-08-20T06:55:34.929736,ORY,NAT,2026-09-18,1557,,
2026-08-20T06:55:34.929738,ORY,NAT,2026-09-18,1605,,
2026-08-20T06:55:34.929741,ORY,NAT,2026-09-18,2640,,
2026-08-20T13:00:14.981550,ORY,NAT,2026-09-18,1017,,
2026-08-20T13:00:14.981571,ORY,NAT,2026-09-18,1111,,
2026-08-20T13:00:14.981574,ORY,NAT,2026-09-18,1431,,
2026-08-20T13:00:14.981577,ORY,NAT,2026-09-18,1559,,
2026-08-20T13:00:14.981579,ORY,NAT,2026-09-18,1606,,
2026-08-20T13:00:14.981580,ORY,NAT,2026-09-18,2642,,
2026-08-20T18:49:26.640585,ORY,NAT,2026-09-18,1016,,
2026-08-20T18:49:26.640607,ORY,NAT,2026-09-18,1110,,
2026-08-20T18:49:26.640611,ORY,NAT,2026-09-18,1557,,
2026-08-20T18:49:26.640614,ORY,NAT,2026-09-18,2638,,
2026-08-20T18:49:26.640616,ORY,NAT,2026-09-18,2774,,
2026-08-21T01:43:50.895833,ORY,NAT,2026-09-18,1017,,
2026-08-21T01:43:50.895854,ORY,NAT,2026-09-18,1134,,
2026-08-21T01:43:50.895858,ORY,NAT,2026-09-18,1191,,
2026-08-21T01:43:50.895861,ORY,NAT,2026-09-18,1606,,
2026-08-21T01:43:50.895863,ORY,NAT,2026-09-18,2641,,
2026-08-21T01:43:50.895866,ORY,NAT,2026-09-18,2777,,
2026-08-21T06:56:41.495662,ORY,NAT,2026-09-18,1017,,
2026-08-21T06:56:41.495683,ORY,NAT,2026-09-18,1135,,
2026-08-21T06:56:41.495688,ORY,NAT,2026-09-18,1192,,
2026-08-21T06:56:41.495691,ORY,NAT,2026-09-18,1607,,
2026-08-21T06:56:41.495693,ORY,NAT,2026-09-18,2643,,
2026-08-21T06:56:41.495695,ORY,NAT,2026-09-18,2779,,
2026-08-21T12:59:38.230263,ORY,NAT,2026-09-18,1018,,
2026-08-21T12:59:38.230284,ORY,NAT,2026-09-18,1135,,
2026-08-21T12:59:38.230288,ORY,NAT,2026-09-18,1193,,
2026-08-21T12:59:38.230291,ORY,NAT,2026-09-18,1608,,
2026-08-21T12:59:38.230294,ORY,NAT,2026-09-18,2644,,
2026-08-21T12:59:38.230296,ORY,NAT,2026-09-18,2780,,
2026-08-21T18:45:26.630835,ORY,NAT,2026-09-18,1016,,
2026-08-21T18:45:26.630852,ORY,NAT,2026-09-18,1134,,
2026-08-21T18:45:26.630857,ORY,NAT,2026-09-18,1191,,
2026-08-21T18:45:26.630859,ORY,NAT,2026-09-18,2641,,
2026-08-21T18:45:26.630862,ORY,NAT,2026-09-18,2776,,
2026-08-22T01:37:13.741794,ORY,NAT,2026-09-18,1017,,
2026-08-22T01:37:13.741817,ORY,NAT,2026-09-18,1134,,
2026-08-22T01:37:13.741821,ORY,NAT,2026-09-18,1191,,
2026-08-22T01:37:13.741824,ORY,NAT,2026-09-18,2642,,
2026-08-22T01:37:13.741827,ORY,NAT,2026-09-18,2777,,
2026-08-22T06:49:56.736503,ORY,NAT,2026-09-18,1017,,
2026-08-22T06:49:56.736532,ORY,NAT,2026-09-18,1053,,
2026-08-22T06:49:56.736536,ORY,NAT,2026-09-18,1111,,
2026-08-22T06:49:56.736539,ORY,NAT,2026-09-18,1424,,
2026-08-22T06:49:56.736542,ORY,NAT,2026-09-18,2642,,
2026-08-22T06:49:56.736544,ORY,NAT,2026-09-18,2777,,
2026-08-22T12:50:44.654044,ORY,NAT,2026-09-18,1017,,
2026-08-22T12:50:44.654064,ORY,NAT,2026-09-18,1052,,
2026-08-22T12:50:44.654069,ORY,NAT,2026-09-18,1111,,
2026-08-22T12:50:44.654072,ORY,NAT,2026-09-18,1424,,
2026-08-22T12:50:44.654074,ORY,NAT,2026-09-18,2641,,
2026-08-22T12:50:44.654077,ORY,NAT,2026-09-18,2777,,
2026-08-22T18:38:31.108410,ORY,NAT,2026-09-18,1017,,
2026-08-22T18:38:31.108432,ORY,NAT,2026-09-18,1052,,
2026-08-22T18:38:31.108436,ORY,NAT,2026-09-18,1111,,
2026-08-22T18:38:31.108439,ORY,NAT,2026-09-18,1424,,
2026-08-22T18:38:31.108441,ORY,NAT,2026-09-18,2641,,
2026-08-22T18:38:31.108444,ORY,NAT,2026-09-18,2777,,
2026-08-23T01:47:15.481378,ORY,NAT,2026-09-18,1017,,
2026-08-23T01:47:15.481396,ORY,NAT,2026-09-18,1134,,
2026-08-23T01:47:15.481400,ORY,NAT,2026-09-18,1558,,
2026-08-23T01:47:15.481403,ORY,NAT,2026-09-18,1697,,
2026-08-23T01:47:15.481406,ORY,NAT,2026-09-18,2641,,
2026-08-23T06:51:31.072298,ORY,NAT,2026-09-18,1017,,
2026-08-23T06:51:31.072317,ORY,NAT,2026-09-18,1111,,
2026-08-23T06:51:31.072321,ORY,NAT,2026-09-18,1132,,
2026-08-23T06:51:31.072324,ORY,NAT,2026-09-18,1558,,
2026-08-23T06:51:31.072327,ORY,NAT,2026-09-18,2118,,
2026-08-23T06:51:31.072329,ORY,NAT,2026-09-18,2641,,
2026-08-23T12:52:03.844547,ORY,NAT,2026-09-18,1017,,
2026-08-23T12:52:03.844567,ORY,NAT,2026-09-18,1052,,
2026-08-23T12:52:03.844570,ORY,NAT,2026-09-18,1111,,
2026-08-23T12:52:03.844573,ORY,NAT,2026-09-18,1558,,
2026-08-23T12:52:03.844574,ORY,NAT,2026-09-18,2118,,
2026-08-23T12:52:03.844576,ORY,NAT,2026-09-18,2641,,
2026-08-23T18:37:27.374057,ORY,NAT,2026-09-18,1017,,
2026-08-23T18:37:27.374076,ORY,NAT,2026-09-18,1052,,
2026-08-23T18:37:27.374080,ORY,NAT,2026-09-18,1111,,
2026-08-23T18:37:27.374083,ORY,NAT,2026-09-18,1262,,
2026-08-23T18:37:27.374085,ORY,NAT,2026-09-18,1558,,
2026-08-23T18:37:27.374088,ORY,NAT,2026-09-18,2641,,
2026-08-24T01:44:29.707274,ORY,NAT,2026-09-18,1016,,
2026-08-24T01:44:29.707294,ORY,NAT,2026-09-18,1052,,
2026-08-24T01:44:29.707298,ORY,NAT,2026-09-18,1111,,
2026-08-24T01:44:29.707301,ORY,NAT,2026-09-18,1262,,
2026-08-24T01:44:29.707303,ORY,NAT,2026-09-18,1558,,
2026-08-24T01:44:29.707306,ORY,NAT,2026-09-18,2641,,
2026-08-24T07:09:39.203779,ORY,NAT,2026-09-18,1016,,
2026-08-24T07:09:39.203803,ORY,NAT,2026-09-18,1052,,
2026-08-24T07:09:39.203808,ORY,NAT,2026-09-18,1110,,
2026-08-24T07:09:39.203811,ORY,NAT,2026-09-18,1262,,
2026-08-24T07:09:39.203814,ORY,NAT,2026-09-18,1557,,
2026-08-24T07:09:39.203816,ORY,NAT,2026-09-18,2640,,
2026-08-24T13:01:47.482106,ORY,NAT,2026-09-18,17177,,
2026-08-24T13:01:47.482125,ORY,NAT,2026-09-18,17780,,
2026-08-24T13:01:47.482129,ORY,NAT,2026-09-18,18771,,
2026-08-24T13:01:47.482131,ORY,NAT,2026-09-18,21330,,
2026-08-24T13:01:47.482133,ORY,NAT,2026-09-18,26330,,
2026-08-24T13:01:47.482135,ORY,NAT,2026-09-18,44635,,
2026-08-24T18:49:15.616237,ORY,NAT,2026-09-18,1014,,
2026-08-24T18:49:15.616256,ORY,NAT,2026-09-18,1050,,
2026-08-24T18:49:15.616259,ORY,NAT,2026-09-18,1131,,
2026-08-24T18:49:15.616262,ORY,NAT,2026-09-18,1189,,
2026-08-24T18:49:15.616264,ORY,NAT,2026-09-18,1260,,
2026-08-24T18:49:15.616265,ORY,NAT,2026-09-18,2635,,
2026-08-25T01:39:35.830403,ORY,NAT,2026-09-18,1015,,
2026-08-25T01:39:35.830421,ORY,NAT,2026-09-18,1051,,
2026-08-25T01:39:35.830424,ORY,NAT,2026-09-18,1132,,
2026-08-25T01:39:35.830427,ORY,NAT,2026-09-18,1189,,
2026-08-25T01:39:35.830428,ORY,NAT,2026-09-18,1261,,
2026-08-25T01:39:35.830430,ORY,NAT,2026-09-18,2637,,
2026-08-25T06:57:25.040781,ORY,NAT,2026-09-18,1014,,
2026-08-25T06:57:25.040800,ORY,NAT,2026-09-18,1050,,
2026-08-25T06:57:25.040804,ORY,NAT,2026-09-18,1131,,
2026-08-25T06:57:25.040807,ORY,NAT,2026-09-18,1188,,
2026-08-25T06:57:25.040809,ORY,NAT,2026-09-18,1259,,
2026-08-25T06:57:25.040812,ORY,NAT,2026-09-18,2635,,
2026-08-25T12:58:07.171148,ORY,NAT,2026-09-18,1015,,
2026-08-25T12:58:07.171167,ORY,NAT,2026-09-18,1132,,
2026-08-25T12:58:07.171171,ORY,NAT,2026-09-18,1189,,
2026-08-25T12:58:07.171174,ORY,NAT,2026-09-18,1260,,
2026-08-25T12:58:07.171177,ORY,NAT,2026-09-18,1583,,
2026-08-25T12:58:07.171179,ORY,NAT,2026-09-18,2636,,
2026-08-25T18:47:48.623968,ORY,NAT,2026-09-18,1051,,
2026-08-25T18:47:48.623985,ORY,NAT,2026-09-18,1133,,
2026-08-25T18:47:48.623989,ORY,NAT,2026-09-18,1190,,
2026-08-25T18:47:48.623992,ORY,NAT,2026-09-18,1261,,
2026-08-25T18:47:48.623995,ORY,NAT,2026-09-18,1507,,
2026-08-25T18:47:48.623997,ORY,NAT,2026-09-18,2639,,
2026-08-26T01:44:34.706936,ORY,NAT,2026-09-18,1015,,
2026-08-26T01:44:34.706954,ORY,NAT,2026-09-18,1190,,
2026-08-26T01:44:34.706959,ORY,NAT,2026-09-18,1197,,
2026-08-26T01:44:34.706961,ORY,NAT,2026-09-18,1261,,
2026-08-26T01:44:34.706964,ORY,NAT,2026-09-18,1506,,
2026-08-26T01:44:34.706966,ORY,NAT,2026-09-18,1609,,
2026-08-26T01:44:34.706969,ORY,NAT,2026-09-18,2638,,
2026-08-26T06:58:49.982649,ORY,NAT,2026-09-18,1015,,
2026-08-26T06:58:49.982669,ORY,NAT,2026-09-18,1120,,
2026-08-26T06:58:49.982672,ORY,NAT,2026-09-18,1189,,
2026-08-26T06:58:49.982674,ORY,NAT,2026-09-18,1260,,
2026-08-26T06:58:49.982676,ORY,NAT,2026-09-18,2636,,
2026-08-26T13:03:57.552133,ORY,NAT,2026-09-18,1015,,
2026-08-26T13:03:57.552154,ORY,NAT,2026-09-18,1121,,
2026-08-26T13:03:57.552158,ORY,NAT,2026-09-18,1190,,
2026-08-26T13:03:57.552161,ORY,NAT,2026-09-18,1261,,
2026-08-26T13:03:57.552164,ORY,NAT,2026-09-18,2638,,
2026-08-26T19:55:18.746762,ORY,NAT,2026-09-18,1014,,
2026-08-26T19:55:18.746782,ORY,NAT,2026-09-18,1131,,
2026-08-26T19:55:18.746786,ORY,NAT,2026-09-18,1188,,
2026-08-26T19:55:18.746789,ORY,NAT,2026-09-18,1259,,
2026-08-26T19:55:18.746792,ORY,NAT,2026-09-18,1427,,
2026-08-26T19:55:18.746794,ORY,NAT,2026-09-18,1504,,
2026-08-26T19:55:18.746796,ORY,NAT,2026-09-18,2634,,
2026-08-27T08:45:15.747590,ORY,NAT,2026-09-18,1014,,
2026-08-27T08:45:15.747611,ORY,NAT,2026-09-18,1081,,
2026-08-27T08:45:15.747615,ORY,NAT,2026-09-18,1188,,
2026-08-27T08:45:15.747618,ORY,NAT,2026-09-18,1259,,
2026-08-27T08:45:15.747621,ORY,NAT,2026-09-18,1427,,
2026-08-27T08:45:15.747623,ORY,NAT,2026-09-18,1504,,
2026-08-27T08:45:15.747625,ORY,NAT,2026-09-18,2635,,
2026-08-27T22:07:28.080615,ORY,NAT,2026-09-18,1014,,
2026-08-27T22:07:28.080636,ORY,NAT,2026-09-18,1261,,
2026-08-27T22:07:28.080641,ORY,NAT,2026-09-18,1420,,
2026-08-27T22:07:28.080643,ORY,NAT,2026-09-18,1582,,
2026-08-27T22:07:28.080646,ORY,NAT,2026-09-18,2634,,
2026-08-28T10:58:16.417016,ORY,NAT,2026-09-18,1013,,
2026-08-28T10:58:16.417038,ORY,NAT,2026-09-18,1048,,
2026-08-28T10:58:16.417042,ORY,NAT,2026-09-18,1256,,
2026-08-28T10:58:16.417045,ORY,NAT,2026-09-18,1502,,
2026-08-28T10:58:16.417047,ORY,NAT,2026-09-18,1580,,
2026-08-28T10:58:16.417050,ORY,NAT,2026-09-18,2631,,
2026-08-28T22:06:10.351969,ORY,NAT,2026-09-18,1008,,
2026-08-28T22:06:10.351990,ORY,NAT,2026-09-18,1113,,
2026-08-28T22:06:10.351995,ORY,NAT,2026-09-18,1181,,
2026-08-28T22:06:10.351998,ORY,NAT,2026-09-18,1252,,
2026-08-28T22:06:10.352000,ORY,NAT,2026-09-18,1495,,
2026-08-28T22:06:10.352002,ORY,NAT,2026-09-18,1572,,
2026-08-28T22:06:10.352005,ORY,NAT,2026-09-18,2619,,
2026-08-29T06:43:53.935926,ORY,NAT,2026-09-18,1008,,
2026-08-29T06:43:53.935948,ORY,NAT,2026-09-18,1181,,
2026-08-29T06:43:53.935952,ORY,NAT,2026-09-18,1252,,
2026-08-29T06:43:53.935955,ORY,NAT,2026-09-18,1495,,
2026-08-29T06:43:53.935957,ORY,NAT,2026-09-18,1572,,
2026-08-29T06:43:53.935960,ORY,NAT,2026-09-18,2619,,
2026-08-29T16:34:35.623545,ORY,NAT,2026-09-18,1008,,
2026-08-29T16:34:35.623567,ORY,NAT,2026-09-18,1124,,
2026-08-29T16:34:35.623571,ORY,NAT,2026-09-18,1252,,
2026-08-29T16:34:35.623574,ORY,NAT,2026-09-18,1495,,
2026-08-29T16:34:35.623576,ORY,NAT,2026-09-18,1572,,
2026-08-29T16:34:35.623579,ORY,NAT,2026-09-18,2619,,
2026-08-29T20:47:39.994097,ORY,NAT,2026-09-18,1008,,
2026-08-29T20:47:39.994122,ORY,NAT,2026-09-18,1074,,
2026-08-29T20:47:39.994126,ORY,NAT,2026-09-18,1113,,
2026-08-29T20:47:39.994129,ORY,NAT,2026-09-18,2619,,
2026-08-30T04:56:43.356871,ORY,NAT,2026-09-18,1008,,
2026-08-30T04:56:43.356889,ORY,NAT,2026-09-18,1124,,
2026-08-30T04:56:43.356892,ORY,NAT,2026-09-18,1181,,
2026-08-30T04:56:43.356894,ORY,NAT,2026-09-18,1251,,
2026-08-30T04:56:43.356895,ORY,NAT,2026-09-18,1495,,
2026-08-30T04:56:43.356897,ORY,NAT,2026-09-18,1572,,
2026-08-30T04:56:43.356898,ORY,NAT,2026-09-18,2618,,
2026-08-30T11:42:43.275910,ORY,NAT,2026-09-18,1008,,
2026-08-30T11:42:43.275929,ORY,NAT,2026-09-18,1124,,
2026-08-30T11:42:43.275933,ORY,NAT,2026-09-18,1181,,
2026-08-30T11:42:43.275936,ORY,NAT,2026-09-18,1251,,
2026-08-30T11:42:43.275939,ORY,NAT,2026-09-18,1495,,
2026-08-30T11:42:43.275941,ORY,NAT,2026-09-18,1572,,
2026-08-30T11:42:43.275943,ORY,NAT,2026-09-18,2618,,
2026-08-30T16:29:55.494320,ORY,NAT,2026-09-18,1181,,
2026-08-30T16:29:55.494348,ORY,NAT,2026-09-18,1250,,
2026-08-30T16:29:55.494352,ORY,NAT,2026-09-18,1495,,
2026-08-30T16:29:55.494355,ORY,NAT,2026-09-18,1572,,
2026-08-30T16:29:55.494357,ORY,NAT,2026-09-18,2618,,
2026-08-31T05:01:07.124623,ORY,NAT,2026-09-18,1182,,
2026-08-31T05:01:07.124643,ORY,NAT,2026-09-18,1574,,
2026-08-31T05:01:07.124647,ORY,NAT,2026-09-18,1593,,
2026-08-31T05:01:07.124650,ORY,NAT,2026-09-18,1663,,
2026-08-31T05:01:07.124653,ORY,NAT,2026-09-18,2621,,
2026-08-31T05:01:07.124655,ORY,NAT,2026-09-18,2755,,
2026-08-31T13:20:12.343296,ORY,NAT,2026-09-18,1009,,
2026-08-31T13:20:12.343319,ORY,NAT,2026-09-18,1011,,
2026-08-31T13:20:12.343323,ORY,NAT,2026-09-18,1252,,
2026-08-31T13:20:12.343325,ORY,NAT,2026-09-18,1574,,
2026-08-31T13:20:12.343327,ORY,NAT,2026-09-18,1594,,
2026-08-31T13:20:12.343329,ORY,NAT,2026-09-18,1664,,
2026-08-31T13:20:12.343331,ORY,NAT,2026-09-18,2020,,
2026-08-31T13:20:12.343333,ORY,NAT,2026-09-18,2622,,
2026-08-31T22:42:35.222523,ORY,NAT,2026-09-18,1175,,
2026-08-31T22:42:35.222552,ORY,NAT,2026-09-18,1235,,
2026-08-31T22:42:35.222560,ORY,NAT,2026-09-18,2024,,
2026-08-31T22:42:35.222566,ORY,NAT,2026-09-18,2626,,
2026-08-31T22:42:35.222572,ORY,NAT,2026-09-18,2760,,
2026-09-01T04:39:57.812829,ORY,NAT,2026-09-18,1234,,
2026-09-01T04:39:57.812852,ORY,NAT,2026-09-18,1253,,
2026-09-01T04:39:57.812855,ORY,NAT,2026-09-18,2022,,
2026-09-01T04:39:57.812856,ORY,NAT,2026-09-18,2623,,
2026-09-01T04:39:57.812858,ORY,NAT,2026-09-18,2757,,
2026-09-01T11:28:30.362386,ORY,NAT,2026-09-18,1592,,
2026-09-01T11:28:30.362410,ORY,NAT,2026-09-18,2019,,
2026-09-01T11:28:30.362414,ORY,NAT,2026-09-18,2620,,
2026-09-01T11:28:30.362417,ORY,NAT,2026-09-18,2754,,
2026-09-01T16:25:41.770769,ORY,NAT,2026-09-18,1592,,
2026-09-01T16:25:41.770789,ORY,NAT,2026-09-18,2019,,
2026-09-01T16:25:41.770793,ORY,NAT,2026-09-18,2620,,
2026-09-01T16:25:41.770796,ORY,NAT,2026-09-18,2754,,
2026-09-01T20:54:10.319658,ORY,NAT,2026-09-18,1592,,
2026-09-01T20:54:10.319678,ORY,NAT,2026-09-18,2019,,
2026-09-01T20:54:10.319681,ORY,NAT,2026-09-18,2619,,
2026-09-01T20:54:10.319684,ORY,NAT,2026-09-18,2753,,
